date,拼音,ratio
2017-03-01,Heilongjiang,0.016713496149463245
2017-03-01,Jilin,0.016029413310586018
2017-03-01,Liaoning,0.027326994801505567
2017-03-01,Guangdong,0.041232624393251295
2017-03-01,Guangxi,0.008293022296174143
2017-03-01,Hainan,0.0022408488548381522
2017-03-01,Henan,0.019923082792707224
2017-03-01,Hubei,0.015387548200879642
2017-03-01,Hunan,0.014957044054599002
2017-03-01,Anhui,0.033781197927350334
2017-03-01,Beijing,0.03501989944020943
2017-03-01,Fujian,0.03788799840785208
2017-03-01,Hebei,0.04355358235630489
2017-03-01,InnerMongolia,0.021695538713008198
2017-03-01,Jiangsu,0.10912469856754532
2017-03-01,Jiangxi,0.025037354336158266
2017-03-01,Shandong,0.09654804604081886
2017-03-01,Shanghai,0.04013541318581627
2017-03-01,Shanxi,0.016287713209101464
2017-03-01,Tianjin,0.02705814343717001
2017-03-01,Zhejiang,0.06117519261716439
2017-03-01,Chongqing,0.04778446698224092
2017-03-01,Gansu,0.015408563907175054
2017-03-01,Guizhou,0.02779177903266195
2017-03-01,Ningxia,0.00652535345100831
2017-03-01,Qinghai,0.005814035336092743
2017-03-01,Shaanxi,0.04601454862798525
2017-03-01,Sichuan,0.08379152088351825
2017-03-01,Tibet,0.0030107030179744015
2017-03-01,Xinjiang,0.019881069477639325
2017-03-01,Yunnan,0.034569106191200016
2017-04-01,Heilongjiang,0.016541602294079208
2017-04-01,Jilin,0.01658550192312157
2017-04-01,Liaoning,0.027885661833186366
2017-04-01,Guangdong,0.04252203448727861
2017-04-01,Guangxi,0.00828980145115636
2017-04-01,Hainan,0.002227788939348891
2017-04-01,Henan,0.0205807918185969
2017-04-01,Hubei,0.01608480781996997
2017-04-01,Hunan,0.015480915200371833
2017-04-01,Anhui,0.03371167915198596
2017-04-01,Beijing,0.03307553679841682
2017-04-01,Fujian,0.035429492775931236
2017-04-01,Hebei,0.043734106997720124
2017-04-01,InnerMongolia,0.022568924164084764
2017-04-01,Jiangsu,0.10882619632203563
2017-04-01,Jiangxi,0.02388983529201387
2017-04-01,Shandong,0.09335363712366478
2017-04-01,Shanghai,0.03707916542863675
2017-04-01,Shanxi,0.017536196249124388
2017-04-01,Tianjin,0.025024665050907998
2017-04-01,Zhejiang,0.06233781847037856
2017-04-01,Chongqing,0.04726726556596833
2017-04-01,Gansu,0.015472161106983053
2017-04-01,Guizhou,0.029632893439273476
2017-04-01,Ningxia,0.007224825455469921
2017-04-01,Qinghai,0.00622552593071202
2017-04-01,Shaanxi,0.04952867765070576
2017-04-01,Sichuan,0.08312589171253543
2017-04-01,Tibet,0.002871144529749035
2017-04-01,Xinjiang,0.022554052250417612
2017-04-01,Yunnan,0.03333140276617477
2017-05-01,Heilongjiang,0.016679218380076574
2017-05-01,Jilin,0.01672348322737399
2017-05-01,Liaoning,0.028117653605730847
2017-05-01,Guangdong,0.042854112559881606
2017-05-01,Guangxi,0.008354541093117404
2017-05-01,Hainan,0.002245186974651425
2017-05-01,Henan,0.020741518598539847
2017-05-01,Hubei,0.016210422975581663
2017-05-01,Hunan,0.015601814224697868
2017-05-01,Anhui,0.033809648632776176
2017-05-01,Beijing,0.0331716575864793
2017-05-01,Fujian,0.03553245439336565
2017-05-01,Hebei,0.043861202647155845
2017-05-01,InnerMongolia,0.02263451169451838
2017-05-01,Jiangsu,0.10914245603434414
2017-05-01,Jiangxi,0.02395926152110114
2017-05-01,Shandong,0.09362493204545287
2017-05-01,Shanghai,0.037186921158299475
2017-05-01,Shanxi,0.017587158173441968
2017-05-01,Tianjin,0.02509738920774793
2017-05-01,Zhejiang,0.06251897834917321
2017-05-01,Chongqing,0.04680794692305666
2017-05-01,Gansu,0.015321810712106672
2017-05-01,Guizhou,0.029344936430610112
2017-05-01,Ningxia,0.007154618368519892
2017-05-01,Qinghai,0.006165029515536169
2017-05-01,Shaanxi,0.04904738378419298
2017-05-01,Sichuan,0.08231811763643754
2017-05-01,Tibet,0.0028432442441451
2017-05-01,Xinjiang,0.022334883729713526
2017-05-01,Yunnan,0.033007505572174106
2017-06-01,Heilongjiang,0.017220160774084826
2017-06-01,Jilin,0.017265861224173795
2017-06-01,Liaoning,0.029029568691245122
2017-06-01,Guangdong,0.04291548813248315
2017-06-01,Guangxi,0.008366506449830759
2017-06-01,Hainan,0.002248402526857161
2017-06-01,Henan,0.020771224559171565
2017-06-01,Hubei,0.01623363951030396
2017-06-01,Hunan,0.015624159111208487
2017-06-01,Anhui,0.033100815803743217
2017-06-01,Beijing,0.032476200495335734
2017-06-01,Fujian,0.03478750225133962
2017-06-01,Hebei,0.04294163496117192
2017-06-01,InnerMongolia,0.022159970088586056
2017-06-01,Jiangsu,0.10685424071691459
2017-06-01,Jiangxi,0.023456946004308733
2017-06-01,Shandong,0.09166204783536791
2017-06-01,Shanghai,0.03640728245770353
2017-06-01,Shanxi,0.017218436356243143
2017-06-01,Tianjin,0.02457121238802721
2017-06-01,Zhejiang,0.06120824292057327
2017-06-01,Chongqing,0.048260626458897844
2017-06-01,Gansu,0.01579732143916541
2017-06-01,Guizhou,0.030255653337364883
2017-06-01,Ningxia,0.007376661170520734
2017-06-01,Qinghai,0.006356360535240961
2017-06-01,Shaanxi,0.050569563999167316
2017-06-01,Sichuan,0.0848728514536671
2017-06-01,Tibet,0.0029314840196613652
2017-06-01,Xinjiang,0.023028044414220385
2017-06-01,Yunnan,0.03403188991342027
2017-07-01,Heilongjiang,0.01737163718763359
2017-07-01,Jilin,0.017492286593085073
2017-07-01,Liaoning,0.029191998212438987
2017-07-01,Guangdong,0.04257309067951109
2017-07-01,Guangxi,0.008379870808022027
2017-07-01,Hainan,0.0021108614969923985
2017-07-01,Henan,0.021607738262519875
2017-07-01,Hubei,0.01647084533134173
2017-07-01,Hunan,0.016087423742927723
2017-07-01,Anhui,0.03278886850668999
2017-07-01,Beijing,0.03238902383469483
2017-07-01,Fujian,0.03421823997290091
2017-07-01,Hebei,0.042375144104010165
2017-07-01,InnerMongolia,0.022740799538865694
2017-07-01,Jiangsu,0.1036138075836494
2017-07-01,Jiangxi,0.02437079673933405
2017-07-01,Shandong,0.09080755680874135
2017-07-01,Shanghai,0.03577817870668788
2017-07-01,Shanxi,0.01731250138683178
2017-07-01,Tianjin,0.022259658578578794
2017-07-01,Zhejiang,0.06116756232847856
2017-07-01,Chongqing,0.0462519900086101
2017-07-01,Gansu,0.018235059699715398
2017-07-01,Guizhou,0.030705614622675233
2017-07-01,Ningxia,0.007917818293248884
2017-07-01,Qinghai,0.0062117299383365404
2017-07-01,Shaanxi,0.04913823432438419
2017-07-01,Sichuan,0.08823352275554096
2017-07-01,Tibet,0.0030368062413771634
2017-07-01,Xinjiang,0.024747848842660583
2017-07-01,Yunnan,0.03441348486951515
2017-08-01,Heilongjiang,0.01744911392540115
2017-08-01,Jilin,0.017570301421894197
2017-08-01,Liaoning,0.029322193240460072
2017-08-01,Guangdong,0.04351048398788468
2017-08-01,Guangxi,0.00856438254290191
2017-08-01,Hainan,0.0021573393873828284
2017-08-01,Henan,0.022083507085809046
2017-08-01,Hubei,0.016833507753788002
2017-08-01,Hunan,0.016441643817742456
2017-08-01,Anhui,0.032723344014036704
2017-08-01,Beijing,0.03232429838209587
2017-08-01,Fujian,0.03414985905840686
2017-08-01,Hebei,0.04229046262688148
2017-08-01,InnerMongolia,0.02269535486754347
2017-08-01,Jiangsu,0.10340674822225643
2017-08-01,Jiangxi,0.024322094720489594
2017-08-01,Shandong,0.09062608915340696
2017-08-01,Shanghai,0.03570668044784019
2017-08-01,Shanxi,0.01727790449704585
2017-08-01,Tianjin,0.02221517540787411
2017-08-01,Zhejiang,0.06104532653105866
2017-08-01,Chongqing,0.046011227848302715
2017-08-01,Gansu,0.018140138111134664
2017-08-01,Guizhou,0.030545778254364483
2017-08-01,Ningxia,0.00787660253070874
2017-08-01,Qinghai,0.00617939512379296
2017-08-01,Shaanxi,0.048882447979895514
2017-08-01,Sichuan,0.08777422806257314
2017-08-01,Tibet,0.0030209983154701314
2017-08-01,Xinjiang,0.02461902529259906
2017-08-01,Yunnan,0.03423434738895815
2017-09-01,Heilongjiang,0.01735698762312781
2017-09-01,Jilin,0.017477535284499062
2017-09-01,Liaoning,0.0291673804947048
2017-09-01,Guangdong,0.043929243992605005
2017-09-01,Guangxi,0.008646809134044652
2017-09-01,Hainan,0.002178102370674288
2017-09-01,Henan,0.022296046425386826
2017-09-01,Hubei,0.01699551927699695
2017-09-01,Hunan,0.01659988390637592
2017-09-01,Anhui,0.03325104738580826
2017-09-01,Beijing,0.03284556666198392
2017-09-01,Fujian,0.03470056670500051
2017-09-01,Hebei,0.04297244731990097
2017-09-01,InnerMongolia,0.023061344825110682
2017-09-01,Jiangsu,0.10507430669908599
2017-09-01,Jiangxi,0.02471431781929771
2017-09-01,Shandong,0.09208754409505987
2017-09-01,Shanghai,0.03628249371616058
2017-09-01,Shanxi,0.017556531536395095
2017-09-01,Tianjin,0.022573421892775013
2017-09-01,Zhejiang,0.06202975601441211
2017-09-01,Chongqing,0.04465147713005208
2017-09-01,Gansu,0.017604050139148692
2017-09-01,Guizhou,0.029643071548561394
2017-09-01,Ningxia,0.0076438285655405615
2017-09-01,Qinghai,0.005996778024644152
2017-09-01,Shaanxi,0.04743784528488259
2017-09-01,Sichuan,0.08518027273398521
2017-09-01,Tibet,0.0029317200062096674
2017-09-01,Xinjiang,0.02389146945699714
2017-09-01,Yunnan,0.033222633930572475
2017-10-01,Heilongjiang,0.018017910157701135
2017-10-01,Jilin,0.01700473999353595
2017-10-01,Liaoning,0.02662888891742905
2017-10-01,Guangdong,0.0435645878117493
2017-10-01,Guangxi,0.0098860907481672
2017-10-01,Hainan,0.002162999345827103
2017-10-01,Henan,0.021805823734905472
2017-10-01,Hubei,0.017702724671975152
2017-10-01,Hunan,0.01676609255083275
2017-10-01,Anhui,0.03381119082474582
2017-10-01,Beijing,0.0344030135544222
2017-10-01,Fujian,0.03968372411861007
2017-10-01,Hebei,0.04418766120677921
2017-10-01,InnerMongolia,0.019785380389143885
2017-10-01,Jiangsu,0.10554336653497574
2017-10-01,Jiangxi,0.025578935180550905
2017-10-01,Shandong,0.08929704134593805
2017-10-01,Shanghai,0.037024379839075625
2017-10-01,Shanxi,0.018397408156943625
2017-10-01,Tianjin,0.02284746834198971
2017-10-01,Zhejiang,0.0636057817301874
2017-10-01,Chongqing,0.04239179160769986
2017-10-01,Gansu,0.01668909118552265
2017-10-01,Guizhou,0.029436517727974554
2017-10-01,Ningxia,0.0075085258197749435
2017-10-01,Qinghai,0.005745203879783673
2017-10-01,Shaanxi,0.04760599673628178
2017-10-01,Sichuan,0.08039159354444293
2017-10-01,Tibet,0.002849188951476039
2017-10-01,Xinjiang,0.02373927025714655
2017-10-01,Yunnan,0.03593761113441162
2017-11-01,Heilongjiang,0.01769236541477995
2017-11-01,Jilin,0.01669750104844269
2017-11-01,Liaoning,0.02614776237605844
2017-11-01,Guangdong,0.04241856121764793
2017-11-01,Guangxi,0.009626023489914764
2017-11-01,Hainan,0.002106098663464324
2017-11-01,Henan,0.021232191453234975
2017-11-01,Hubei,0.017237030072733094
2017-11-01,Hunan,0.016325037351930187
2017-11-01,Anhui,0.0343812153232347
2017-11-01,Beijing,0.034983015620883386
2017-11-01,Fujian,0.04035275393942094
2017-11-01,Hebei,0.04493262312040564
2017-11-01,InnerMongolia,0.020118943072345193
2017-11-01,Jiangsu,0.10732272724692964
2017-11-01,Jiangxi,0.026010171683688264
2017-11-01,Shandong,0.0908025044771717
2017-11-01,Shanghai,0.037648575646287034
2017-11-01,Shanxi,0.018707570949272192
2017-11-01,Tianjin,0.02323265491382295
2017-11-01,Zhejiang,0.06467811467520772
2017-11-01,Chongqing,0.04167414472573353
2017-11-01,Gansu,0.0164065630403813
2017-11-01,Guizhou,0.02893818952899392
2017-11-01,Ningxia,0.007381414651825477
2017-11-01,Qinghai,0.0056479438326325
2017-11-01,Shaanxi,0.04680007903794873
2017-11-01,Sichuan,0.07903065138428676
2017-11-01,Tibet,0.0028009552843057113
2017-11-01,Xinjiang,0.02333739025552136
2017-11-01,Yunnan,0.03532922650149499
2017-12-01,Heilongjiang,0.01808761831563502
2017-12-01,Jilin,0.017070528372472193
2017-12-01,Liaoning,0.02673191145322889
2017-12-01,Guangdong,0.041632609631685066
2017-12-01,Guangxi,0.009447667878332478
2017-12-01,Hainan,0.0020670758504025893
2017-12-01,Henan,0.02083879115706476
2017-12-01,Hubei,0.016917654055865324
2017-12-01,Hunan,0.016022559176590418
2017-12-01,Anhui,0.03454341483163474
2017-12-01,Beijing,0.03514805422940004
2017-12-01,Fujian,0.04054312524508967
2017-12-01,Hebei,0.045144600774852564
2017-12-01,InnerMongolia,0.020213857770536716
2017-12-01,Jiangsu,0.10782904133257044
2017-12-01,Jiangxi,0.02613287930239317
2017-12-01,Shandong,0.09123088146877081
2017-12-01,Shanghai,0.03782618950910074
2017-12-01,Shanxi,0.01879582724803311
2017-12-01,Tianjin,0.023342259102343395
2017-12-01,Zhejiang,0.0649832452037807
2017-12-01,Chongqing,0.04139911525885524
2017-12-01,Gansu,0.016298287554081643
2017-12-01,Guizhou,0.028747211288385484
2017-12-01,Ningxia,0.0073327008377841885
2017-12-01,Qinghai,0.0056106700987269735
2017-12-01,Shaanxi,0.046491220850879075
2017-12-01,Sichuan,0.07850908680125064
2017-12-01,Tibet,0.0027824703161399024
2017-12-01,Xinjiang,0.02318337461722697
2017-12-01,Yunnan,0.03509607046688708
2018-01-01,Heilongjiang,0.01587489921104351
2018-01-01,Jilin,0.015945439293213338
2018-01-01,Liaoning,0.03283943139643387
2018-01-01,Guangdong,0.040958661955176036
2018-01-01,Guangxi,0.008177874117578797
2018-01-01,Hainan,0.0020402122216553265
2018-01-01,Henan,0.020627361676057488
2018-01-01,Hubei,0.017269328552952108
2018-01-01,Hunan,0.015330757526990852
2018-01-01,Anhui,0.040441297683084784
2018-01-01,Beijing,0.039079143183300614
2018-01-01,Fujian,0.045910385807337195
2018-01-01,Hebei,0.038438736129218894
2018-01-01,InnerMongolia,0.018391084149802145
2018-01-01,Jiangsu,0.1104000836959495
2018-01-01,Jiangxi,0.026763419333011677
2018-01-01,Shandong,0.07914214863337635
2018-01-01,Shanghai,0.04377193286879815
2018-01-01,Shanxi,0.018663623071527406
2018-01-01,Tianjin,0.01628276928465245
2018-01-01,Zhejiang,0.06751846624247419
2018-01-01,Chongqing,0.041616209567459615
2018-01-01,Gansu,0.014925257783446295
2018-01-01,Guizhou,0.028360536106898097
2018-01-01,Ningxia,0.00636954296586813
2018-01-01,Qinghai,0.005372987202216114
2018-01-01,Shaanxi,0.044244538103914245
2018-01-01,Sichuan,0.0794605466919256
2018-01-01,Tibet,0.002931417065153792
2018-01-01,Xinjiang,0.023808161734843566
2018-01-01,Yunnan,0.039043746744639875
2018-02-01,Heilongjiang,0.015616391014295754
2018-02-01,Jilin,0.015685782415822153
2018-02-01,Liaoning,0.0323046713277458
2018-02-01,Guangdong,0.04490928620261749
2018-02-01,Guangxi,0.008966662282016086
2018-02-01,Hainan,0.0022369987251211546
2018-02-01,Henan,0.022616951943614533
2018-02-01,Hubei,0.018935023301305674
2018-02-01,Hunan,0.016809469465482823
2018-02-01,Anhui,0.03959092087397859
2018-02-01,Beijing,0.038257408991108285
2018-02-01,Fujian,0.04494500809632455
2018-02-01,Hebei,0.03763046805553361
2018-02-01,InnerMongolia,0.01800436680017927
2018-02-01,Jiangsu,0.10807865297347083
2018-02-01,Jiangxi,0.0262006532390172
2018-02-01,Shandong,0.07747799214789323
2018-02-01,Shanghai,0.042851521340635246
2018-02-01,Shanxi,0.01827117492710091
2018-02-01,Tianjin,0.015940384391462274
2018-02-01,Zhejiang,0.06609872599751576
2018-02-01,Chongqing,0.04197087986017917
2018-02-01,Gansu,0.01505245691094946
2018-02-01,Guizhou,0.028602236149916475
2018-02-01,Ningxia,0.0064238268060273895
2018-02-01,Qinghai,0.005418777988152526
2018-02-01,Shaanxi,0.04462160808322411
2018-02-01,Sichuan,0.0801377418437137
2018-02-01,Tibet,0.0029563997956664275
2018-02-01,Xinjiang,0.024011064588788582
2018-02-01,Yunnan,0.03937649346114087
2018-03-01,Heilongjiang,0.014973446321347356
2018-03-01,Jilin,0.015039980799445875
2018-03-01,Liaoning,0.030974651032493025
2018-03-01,Guangdong,0.04391489246127941
2018-03-01,Guangxi,0.008768119984690298
2018-03-01,Hainan,0.002187466485361083
2018-03-01,Henan,0.022116161186010296
2018-03-01,Hubei,0.018515758818277404
2018-03-01,Hunan,0.016437269578887533
2018-03-01,Anhui,0.040056253655397514
2018-03-01,Beijing,0.03870706831053611
2018-03-01,Fujian,0.04547327026266645
2018-03-01,Hebei,0.03807275861053523
2018-03-01,InnerMongolia,0.018215981531432477
2018-03-01,Jiangsu,0.1093489578587813
2018-03-01,Jiangxi,0.02650860320778688
2018-03-01,Shandong,0.0783886314760284
2018-03-01,Shanghai,0.04335517766317802
2018-03-01,Shanxi,0.018485925593691433
2018-03-01,Tianjin,0.01612774005892393
2018-03-01,Zhejiang,0.06687561886430653
2018-03-01,Chongqing,0.04180867834179051
2018-03-01,Gansu,0.014994284878946095
2018-03-01,Guizhou,0.028491699364691037
2018-03-01,Ningxia,0.006399001153925873
2018-03-01,Qinghai,0.005397836468212572
2018-03-01,Shaanxi,0.04444916250647771
2018-03-01,Sichuan,0.0798280398920131
2018-03-01,Tibet,0.00294497443271434
2018-03-01,Xinjiang,0.02391827093882451
2018-03-01,Yunnan,0.0392243182613477
2018-04-01,Heilongjiang,0.015002927773151254
2018-04-01,Jilin,0.015375479588496926
2018-04-01,Liaoning,0.030711558201316266
2018-04-01,Guangdong,0.0433111779088176
2018-04-01,Guangxi,0.00836958139432616
2018-04-01,Hainan,0.0021286360140352545
2018-04-01,Henan,0.021831982447640116
2018-04-01,Hubei,0.01809470848882881
2018-04-01,Hunan,0.0158232913994824
2018-04-01,Anhui,0.03930988374666529
2018-04-01,Beijing,0.038447071681781596
2018-04-01,Fujian,0.045098575189850505
2018-04-01,Hebei,0.03866150400656837
2018-04-01,InnerMongolia,0.01842520193046216
2018-04-01,Jiangsu,0.10855811319667096
2018-04-01,Jiangxi,0.02643938990006044
2018-04-01,Shandong,0.07878538513728114
2018-04-01,Shanghai,0.0430323554313206
2018-04-01,Shanxi,0.01846208972536212
2018-04-01,Tianjin,0.016045033319976764
2018-04-01,Zhejiang,0.06674491700033855
2018-04-01,Chongqing,0.04349088002694698
2018-04-01,Gansu,0.015512716133722683
2018-04-01,Guizhou,0.028801892417781402
2018-04-01,Ningxia,0.0066169629754569284
2018-04-01,Qinghai,0.0052694187924301715
2018-04-01,Shaanxi,0.045162529529627564
2018-04-01,Sichuan,0.08032601559459497
2018-04-01,Tibet,0.002923976765420693
2018-04-01,Xinjiang,0.0240467267261612
2018-04-01,Yunnan,0.03919001755542407
2018-05-01,Heilongjiang,0.015086078352686244
2018-05-01,Jilin,0.015460694958306265
2018-05-01,Liaoning,0.030881770569293664
2018-05-01,Guangdong,0.04358622166556834
2018-05-01,Guangxi,0.00842273167146646
2018-05-01,Hainan,0.0021421537264209056
2018-05-01,Henan,0.02197062449709804
2018-05-01,Hubei,0.018209617314687912
2018-05-01,Hunan,0.015923775794523275
2018-05-01,Anhui,0.0389758717029623
2018-05-01,Beijing,0.03812039086355311
2018-05-01,Fujian,0.04471537722965474
2018-05-01,Hebei,0.03833300117890583
2018-05-01,InnerMongolia,0.01826864488256817
2018-05-01,Jiangsu,0.10763570606153319
2018-05-01,Jiangxi,0.026214737120324644
2018-05-01,Shandong,0.07811595381376922
2018-05-01,Shanghai,0.04266671392814043
2018-05-01,Shanxi,0.01830521924566452
2018-05-01,Tianjin,0.015908700320239957
2018-05-01,Zhejiang,0.06617779229761131
2018-05-01,Chongqing,0.044018889896103856
2018-05-01,Gansu,0.015701051417142092
2018-05-01,Guizhou,0.02915156764710674
2018-05-01,Ningxia,0.0066972975594598765
2018-05-01,Qinghai,0.0053333932423700195
2018-05-01,Shaanxi,0.04571083439936019
2018-05-01,Sichuan,0.08130122991441827
2018-05-01,Tibet,0.0029594758996844958
2018-05-01,Xinjiang,0.024338670899846915
2018-05-01,Yunnan,0.03966581192952903
2018-06-01,Heilongjiang,0.015460966743701097
2018-06-01,Jilin,0.0158448925556798
2018-06-01,Liaoning,0.03164918122498278
2018-06-01,Guangdong,0.04384401510436001
2018-06-01,Guangxi,0.008472548445635763
2018-06-01,Hainan,0.0021548236288453835
2018-06-01,Henan,0.022100571132182986
2018-06-01,Hubei,0.01831731923715902
2018-06-01,Hunan,0.016017957964111523
2018-06-01,Anhui,0.03864693513584648
2018-06-01,Beijing,0.03779867412035022
2018-06-01,Fujian,0.04433800215013615
2018-06-01,Hebei,0.03800949011259458
2018-06-01,InnerMongolia,0.01811446679569107
2018-06-01,Jiangsu,0.10672731535456467
2018-06-01,Jiangxi,0.025993498049601105
2018-06-01,Shandong,0.07745669482707344
2018-06-01,Shanghai,0.04230662852667476
2018-06-01,Shanxi,0.018150732489733576
2018-06-01,Tianjin,0.015774438967203524
2018-06-01,Zhejiang,0.06561928533249255
2018-06-01,Chongqing,0.04436571380091727
2018-06-01,Gansu,0.015824759670008584
2018-06-01,Guizhou,0.029381252233580075
2018-06-01,Ningxia,0.00675006542563623
2018-06-01,Qinghai,0.005375414935206667
2018-06-01,Shaanxi,0.04607098909921937
2018-06-01,Sichuan,0.08194180058968074
2018-06-01,Tibet,0.002982793547861276
2018-06-01,Xinjiang,0.024530434774387527
2018-06-01,Yunnan,0.03997833802488182
2018-07-01,Heilongjiang,0.015720196263517727
2018-07-01,Jilin,0.015846332091531072
2018-07-01,Liaoning,0.03194052099036911
2018-07-01,Guangdong,0.04441418623781262
2018-07-01,Guangxi,0.009301084664159333
2018-07-01,Hainan,0.0021957848386945085
2018-07-01,Henan,0.022255870583954444
2018-07-01,Hubei,0.01871192410740314
2018-07-01,Hunan,0.01621638766321405
2018-07-01,Anhui,0.038323188795473126
2018-07-01,Beijing,0.0373437591536381
2018-07-01,Fujian,0.04383434056187398
2018-07-01,Hebei,0.03749066807702149
2018-07-01,InnerMongolia,0.018130454708433497
2018-07-01,Jiangsu,0.10501960331617036
2018-07-01,Jiangxi,0.025514103509559474
2018-07-01,Shandong,0.07717886326436973
2018-07-01,Shanghai,0.040403457021840485
2018-07-01,Shanxi,0.017732348883724613
2018-07-01,Tianjin,0.01538384168973165
2018-07-01,Zhejiang,0.06520701682452229
2018-07-01,Chongqing,0.04294003843933848
2018-07-01,Gansu,0.01622834040116964
2018-07-01,Guizhou,0.029983407523976525
2018-07-01,Ningxia,0.006893599672596215
2018-07-01,Qinghai,0.005526109509633291
2018-07-01,Shaanxi,0.047003279006033925
2018-07-01,Sichuan,0.08398606393811388
2018-07-01,Tibet,0.0030340190736406437
2018-07-01,Xinjiang,0.02506880061638596
2018-07-01,Yunnan,0.04117240857209664
2018-08-01,Heilongjiang,0.015699891021128263
2018-08-01,Jilin,0.015825863923786296
2018-08-01,Liaoning,0.031899264506678744
2018-08-01,Guangdong,0.044480402296078685
2018-08-01,Guangxi,0.00931495143097933
2018-08-01,Hainan,0.002199058482301086
2018-08-01,Henan,0.022289051334254774
2018-08-01,Hubei,0.018739821271843614
2018-08-01,Hunan,0.016240564291479243
2018-08-01,Anhui,0.0382180923971107
2018-08-01,Beijing,0.037241348714639744
2018-08-01,Fujian,0.043714130541193524
2018-08-01,Hebei,0.037387854759264344
2018-08-01,InnerMongolia,0.0180807342767466
2018-08-01,Jiangsu,0.10473160061042255
2018-08-01,Jiangxi,0.025444134374146152
2018-08-01,Shandong,0.07696721019442089
2018-08-01,Shanghai,0.04029265575639651
2018-08-01,Shanxi,0.017683720205872902
2018-08-01,Tianjin,0.015341653489704845
2018-08-01,Zhejiang,0.06502819499806131
2018-08-01,Chongqing,0.04313120182859954
2018-08-01,Gansu,0.01630058683284325
2018-08-01,Guizhou,0.030116889700802615
2018-08-01,Ningxia,0.006924289069381086
2018-08-01,Qinghai,0.005550711020523451
2018-08-01,Shaanxi,0.047212531406538194
2018-08-01,Sichuan,0.08435995882076022
2018-08-01,Tibet,0.003047526126505052
2018-08-01,Xinjiang,0.02518040361127634
2018-08-01,Yunnan,0.04135570270626008
2018-09-01,Heilongjiang,0.015798770831607384
2018-09-01,Jilin,0.01592553712682614
2018-09-01,Liaoning,0.03210016992854435
2018-09-01,Guangdong,0.04399724684401962
2018-09-01,Guangxi,0.009213770476284145
2018-09-01,Hainan,0.002175171848181903
2018-09-01,Henan,0.02204694298726442
2018-09-01,Hubei,0.01853626540564809
2018-09-01,Hunan,0.01606415587840525
2018-09-01,Anhui,0.03836440791430739
2018-09-01,Beijing,0.03738392483125138
2018-09-01,Fujian,0.04388148728816244
2018-09-01,Hebei,0.03753099176487768
2018-09-01,InnerMongolia,0.018149955209060792
2018-09-01,Jiangsu,0.10513255883070541
2018-09-01,Jiangxi,0.025541545611784393
2018-09-01,Shandong,0.07726187422552346
2018-09-01,Shanghai,0.04044691360644742
2018-09-01,Shanxi,0.017751421195262927
2018-09-01,Tianjin,0.015400388026784154
2018-09-01,Zhejiang,0.06527715127470235
2018-09-01,Chongqing,0.04296611266658397
2018-09-01,Gansu,0.016238194640961132
2018-09-01,Guizhou,0.03000161417235852
2018-09-01,Ningxia,0.006897785632621766
2018-09-01,Qinghai,0.005529465096641932
2018-09-01,Shaanxi,0.047031820530974995
2018-09-01,Sichuan,0.08403706230225531
2018-09-01,Tibet,0.003035861403216222
2018-09-01,Xinjiang,0.02508402299689144
2018-09-01,Yunnan,0.04119740945184363
2018-10-01,Heilongjiang,0.01635721681667042
2018-10-01,Jilin,0.01432929566570872
2018-10-01,Liaoning,0.02993559327200935
2018-10-01,Guangdong,0.04420672512925847
2018-10-01,Guangxi,0.008681567778422127
2018-10-01,Hainan,0.0021720450765429127
2018-10-01,Henan,0.022087125381105147
2018-10-01,Hubei,0.018586709730044546
2018-10-01,Hunan,0.016068964356613737
2018-10-01,Anhui,0.03912176928972531
2018-10-01,Beijing,0.03808084289578161
2018-10-01,Fujian,0.04450142652090039
2018-10-01,Hebei,0.037377613112368986
2018-10-01,InnerMongolia,0.018566250914216254
2018-10-01,Jiangsu,0.10721395773181418
2018-10-01,Jiangxi,0.0261301465702546
2018-10-01,Shandong,0.07666427377452985
2018-10-01,Shanghai,0.041423358379505754
2018-10-01,Shanxi,0.018356176890163896
2018-10-01,Tianjin,0.015370981643156744
2018-10-01,Zhejiang,0.0667189947175436
2018-10-01,Chongqing,0.041949662654138985
2018-10-01,Gansu,0.015747193110572526
2018-10-01,Guizhou,0.02983315330903771
2018-10-01,Ningxia,0.006820764718056827
2018-10-01,Qinghai,0.005339698036647425
2018-10-01,Shaanxi,0.046521983125781756
2018-10-01,Sichuan,0.08336399531952385
2018-10-01,Tibet,0.0030087099865227463
2018-10-01,Xinjiang,0.024890201831750784
2018-10-01,Yunnan,0.04057360226163076
2018-11-01,Heilongjiang,0.016203592547630718
2018-11-01,Jilin,0.014194717295979294
2018-11-01,Liaoning,0.029654443141994852
2018-11-01,Guangdong,0.04456466733958922
2018-11-01,Guangxi,0.008751862502825674
2018-11-01,Hainan,0.0021896321430664454
2018-11-01,Henan,0.02226596501366442
2018-11-01,Hubei,0.018737206468812124
2018-11-01,Hunan,0.016199074890762433
2018-11-01,Anhui,0.03981060171772993
2018-11-01,Beijing,0.03875134732205389
2018-11-01,Fujian,0.04528498069640421
2018-11-01,Hebei,0.03803573549437415
2018-11-01,InnerMongolia,0.018893154219674413
2018-11-01,Jiangsu,0.10910171618858182
2018-11-01,Jiangxi,0.026590230370984756
2018-11-01,Shandong,0.07801413189199463
2018-11-01,Shanghai,0.042152715794742966
2018-11-01,Shanxi,0.018679381339392495
2018-11-01,Tianjin,0.015641624581814707
2018-11-01,Zhejiang,0.06789374238258296
2018-11-01,Chongqing,0.04059011338935616
2018-11-01,Gansu,0.015236841335103366
2018-11-01,Guizhou,0.028866288760403404
2018-11-01,Ningxia,0.006599710123788811
2018-11-01,Qinghai,0.005166643425940799
2018-11-01,Shaanxi,0.04501424923823272
2018-11-01,Sichuan,0.08066224633335327
2018-11-01,Tibet,0.0029112005146624724
2018-11-01,Xinjiang,0.024083533709538505
2018-11-01,Yunnan,0.03925864982496442
2018-12-01,Heilongjiang,0.016581265126163675
2018-12-01,Jilin,0.014525567103943808
2018-12-01,Liaoning,0.0303456275181432
2018-12-01,Guangdong,0.04323171495888226
2018-12-01,Guangxi,0.008490089743032224
2018-12-01,Hainan,0.0021241391067169948
2018-12-01,Henan,0.02159997841833005
2018-12-01,Hubei,0.018176766877059276
2018-12-01,Hunan,0.01571455213473346
2018-12-01,Anhui,0.0403817065499485
2018-12-01,Beijing,0.03930725657124137
2018-12-01,Fujian,0.04593461848600643
2018-12-01,Hebei,0.038581378900918034
2018-12-01,InnerMongolia,0.01916418683925678
2018-12-01,Jiangsu,0.11066683991518168
2018-12-01,Jiangxi,0.026971681753265954
2018-12-01,Shandong,0.07913328723711498
2018-12-01,Shanghai,0.04275741953301357
2018-12-01,Shanxi,0.018947347270212106
2018-12-01,Tianjin,0.01586601223226423
2018-12-01,Zhejiang,0.06886771521090188
2018-12-01,Chongqing,0.03977960056500284
2018-12-01,Gansu,0.014932588543634783
2018-12-01,Guizhou,0.028289879992894805
2018-12-01,Ningxia,0.006467925577117702
2018-12-01,Qinghai,0.005063474688386006
2018-12-01,Shaanxi,0.04411539424031119
2018-12-01,Sichuan,0.07905156383864823
2018-12-01,Tibet,0.0028530689857168877
2018-12-01,Xinjiang,0.023602628107228827
2018-12-01,Yunnan,0.03847472397472835
2019-01-01,Heilongjiang,0.015474787176784788
2019-01-01,Jilin,0.01501745595123034
2019-01-01,Liaoning,0.0325509566963312
2019-01-01,Guangdong,0.04444319690351805
2019-01-01,Guangxi,0.008740384618234417
2019-01-01,Hainan,0.0021939557960288826
2019-01-01,Henan,0.022108129587123843
2019-01-01,Hubei,0.018696788923990525
2019-01-01,Hunan,0.016418865233077097
2019-01-01,Anhui,0.040288675596674615
2019-01-01,Beijing,0.038757460476447805
2019-01-01,Fujian,0.04628201792509825
2019-01-01,Hebei,0.038247287303156574
2019-01-01,InnerMongolia,0.018264577215446103
2019-01-01,Jiangsu,0.10787628642394369
2019-01-01,Jiangxi,0.026972450236272618
2019-01-01,Shandong,0.0771324898158852
2019-01-01,Shanghai,0.04153747697352519
2019-01-01,Shanxi,0.01854669284438529
2019-01-01,Tianjin,0.015368942002528372
2019-01-01,Zhejiang,0.06829906093131631
2019-01-01,Chongqing,0.04066907893612925
2019-01-01,Gansu,0.015020237726967036
2019-01-01,Guizhou,0.028890937908028158
2019-01-01,Ningxia,0.006458046193950041
2019-01-01,Qinghai,0.005066999295747768
2019-01-01,Shaanxi,0.04443764253748888
2019-01-01,Sichuan,0.07987751557237342
2019-01-01,Tibet,0.002925042281750786
2019-01-01,Xinjiang,0.0234257026073755
2019-01-01,Yunnan,0.040010858309189934
2019-02-01,Heilongjiang,0.015359274949374056
2019-02-01,Jilin,0.014905357492805558
2019-02-01,Liaoning,0.032307978652795694
2019-02-01,Guangdong,0.04604824680854816
2019-02-01,Guangxi,0.009056040432371253
2019-02-01,Hainan,0.002273189712295101
2019-02-01,Henan,0.022906556652828418
2019-02-01,Hubei,0.019372016661364285
2019-02-01,Hunan,0.017011826584175726
2019-02-01,Anhui,0.039711368743160363
2019-02-01,Beijing,0.03820209480044856
2019-02-01,Fujian,0.04561883091914876
2019-02-01,Hebei,0.03769923203051655
2019-02-01,InnerMongolia,0.018002859364291725
2019-02-01,Jiangsu,0.1063304992129749
2019-02-01,Jiangxi,0.02658595502026314
2019-02-01,Shandong,0.07602723841856689
2019-02-01,Shanghai,0.04094227572207263
2019-02-01,Shanxi,0.018280932485413074
2019-02-01,Tianjin,0.01514871645731201
2019-02-01,Zhejiang,0.06732038602130037
2019-02-01,Chongqing,0.04125150869862272
2019-02-01,Gansu,0.015235345462887292
2019-02-01,Guizhou,0.02930469062985432
2019-02-01,Ningxia,0.006550533125282355
2019-02-01,Qinghai,0.005139564774818779
2019-02-01,Shaanxi,0.04507404262979308
2019-02-01,Sichuan,0.08102145695586162
2019-02-01,Tibet,0.0029669323792403074
2019-02-01,Xinjiang,0.023761186635112744
2019-02-01,Yunnan,0.04058386156649949
2019-03-01,Heilongjiang,0.014847359377390613
2019-03-01,Jilin,0.01440857072183508
2019-03-01,Liaoning,0.031231172786230433
2019-03-01,Guangdong,0.04466347930432914
2019-03-01,Guangxi,0.008783706274682685
2019-03-01,Hainan,0.0022048301228931675
2019-03-01,Henan,0.02221770837987961
2019-03-01,Hubei,0.01878945943013291
2019-03-01,Hunan,0.01650024522605977
2019-03-01,Anhui,0.04031034126614918
2019-03-01,Beijing,0.03877830271849026
2019-03-01,Fujian,0.04630690657899741
2019-03-01,Hebei,0.038267855194077195
2019-03-01,InnerMongolia,0.01827439918867262
2019-03-01,Jiangsu,0.10793429805950108
2019-03-01,Jiangxi,0.02698695496205681
2019-03-01,Shandong,0.07717396864350491
2019-03-01,Shanghai,0.0415598141993979
2019-03-01,Shanxi,0.018556666528331503
2019-03-01,Tianjin,0.01537720681671422
2019-03-01,Zhejiang,0.06833578948735955
2019-03-01,Chongqing,0.040911421589939954
2019-03-01,Gansu,0.015109741703128815
2019-03-01,Guizhou,0.029063095890133128
2019-03-01,Ningxia,0.006496528994495682
2019-03-01,Qinghai,0.00509719299789964
2019-03-01,Shaanxi,0.04470244165522989
2019-03-01,Sichuan,0.0803534970701107
2019-03-01,Tibet,0.0029424722931405516
2019-03-01,Xinjiang,0.023565293841938926
2019-03-01,Yunnan,0.040249278697296616
2019-04-01,Heilongjiang,0.015020048697665092
2019-04-01,Jilin,0.014364907156721764
2019-04-01,Liaoning,0.03122305414432655
2019-04-01,Guangdong,0.04551105640761268
2019-04-01,Guangxi,0.008950384224767682
2019-04-01,Hainan,0.0022466821631477794
2019-04-01,Henan,0.022639333010138846
2019-04-01,Hubei,0.01914602518722538
2019-04-01,Hunan,0.016813372904584057
2019-04-01,Anhui,0.03925207089923535
2019-04-01,Beijing,0.037760254568576714
2019-04-01,Fujian,0.04509116834571977
2019-04-01,Hebei,0.03726321161601165
2019-04-01,InnerMongolia,0.018093875913888002
2019-04-01,Jiangsu,0.10510066040838409
2019-04-01,Jiangxi,0.026278447785496428
2019-04-01,Shandong,0.07514787587520505
2019-04-01,Shanghai,0.040468737634161
2019-04-01,Shanxi,0.018069470623685982
2019-04-01,Tianjin,0.014973504880143077
2019-04-01,Zhejiang,0.06654174558241695
2019-04-01,Chongqing,0.042549766956171665
2019-04-01,Gansu,0.015714860581003725
2019-04-01,Guizhou,0.03022700598046949
2019-04-01,Ningxia,0.006756708799445076
2019-04-01,Qinghai,0.005301306721550594
2019-04-01,Shaanxi,0.04649256657512238
2019-04-01,Sichuan,0.08357139274935375
2019-04-01,Tibet,0.0030603535434285374
2019-04-01,Xinjiang,0.024509000459602713
2019-04-01,Yunnan,0.04186114960473821
2019-05-01,Heilongjiang,0.01510075352547479
2019-05-01,Jilin,0.014442091817166023
2019-05-01,Liaoning,0.03139081999243612
2019-05-01,Guangdong,0.04552679171463506
2019-05-01,Guangxi,0.00895347879243677
2019-05-01,Hainan,0.002247458946558435
2019-05-01,Henan,0.02264716048952113
2019-05-01,Hubei,0.019152644866229997
2019-05-01,Hunan,0.016819186076275038
2019-05-01,Anhui,0.03916815263217356
2019-05-01,Beijing,0.037679525703713974
2019-05-01,Fujian,0.04499476648409371
2019-05-01,Hebei,0.03718354539529173
2019-05-01,InnerMongolia,0.01805519243359412
2019-05-01,Jiangsu,0.10487596232019496
2019-05-01,Jiangxi,0.026222266245294543
2019-05-01,Shandong,0.07498721481013639
2019-05-01,Shanghai,0.040382218216086084
2019-05-01,Shanxi,0.018030839320248352
2019-05-01,Tianjin,0.01494149254161937
2019-05-01,Zhejiang,0.06639948384058739
2019-05-01,Chongqing,0.04265681236775556
2019-05-01,Gansu,0.015754395550034453
2019-05-01,Guizhou,0.030303050164200526
2019-05-01,Ningxia,0.006773707122259255
2019-05-01,Qinghai,0.005314643588013936
2019-05-01,Shaanxi,0.04660953116225517
2019-05-01,Sichuan,0.0837816391213893
2019-05-01,Tibet,0.0030680526879382115
2019-05-01,Xinjiang,0.024570659458685137
2019-05-01,Yunnan,0.041966462613700864
2019-06-01,Heilongjiang,0.01558561513736206
2019-06-01,Jilin,0.01490580483027375
2019-06-01,Liaoning,0.032398730197335454
2019-06-01,Guangdong,0.04529436491386
2019-06-01,Guangxi,0.008907768819184592
2019-06-01,Hainan,0.002235985050130676
2019-06-01,Henan,0.022531540502674422
2019-06-01,Hubei,0.019054865343338473
2019-06-01,Hunan,0.016733319502679155
2019-06-01,Anhui,0.03892627576794228
2019-06-01,Beijing,0.037446841624673446
2019-06-01,Fujian,0.04471690826784862
2019-06-01,Hebei,0.03695392416587927
2019-06-01,InnerMongolia,0.017943695387257992
2019-06-01,Jiangsu,0.10422831704732577
2019-06-01,Jiangxi,0.02606033469871352
2019-06-01,Shandong,0.07452414287140996
2019-06-01,Shanghai,0.04013284407775139
2019-06-01,Shanxi,0.017919492662794377
2019-06-01,Tianjin,0.01484922366703545
2019-06-01,Zhejiang,0.06598944410527588
2019-06-01,Chongqing,0.042920810103782084
2019-06-01,Gansu,0.01585189755561843
2019-06-01,Guizhou,0.03049059199384025
2019-06-01,Ningxia,0.0068156287578790544
2019-06-01,Qinghai,0.0053475352598746344
2019-06-01,Shaanxi,0.046897991786035736
2019-06-01,Sichuan,0.08430015332394977
2019-06-01,Tibet,0.003087040486572646
2019-06-01,Xinjiang,0.024722724231220152
2019-06-01,Yunnan,0.042226187860480754
2019-07-01,Heilongjiang,0.015790800307656675
2019-07-01,Jilin,0.015310795345753336
2019-07-01,Liaoning,0.032451558566608245
2019-07-01,Guangdong,0.045981067681468146
2019-07-01,Guangxi,0.009042818327260971
2019-07-01,Hainan,0.002269884501142698
2019-07-01,Henan,0.022873133267026963
2019-07-01,Hubei,0.019343753180479286
2019-07-01,Hunan,0.016987011608975262
2019-07-01,Anhui,0.038324596930675296
2019-07-01,Beijing,0.03686802605913211
2019-07-01,Fujian,0.044025716297546195
2019-07-01,Hebei,0.03638270966862655
2019-07-01,InnerMongolia,0.01790350049294318
2019-07-01,Jiangsu,0.10261724251750542
2019-07-01,Jiangxi,0.02565751672195521
2019-07-01,Shandong,0.0733722130213216
2019-07-01,Shanghai,0.03951250664190109
2019-07-01,Shanxi,0.01764250214690671
2019-07-01,Tianjin,0.014619695410762124
2019-07-01,Zhejiang,0.06496943112737781
2019-07-01,Chongqing,0.04368559544527646
2019-07-01,Gansu,0.016134375776822977
2019-07-01,Guizhou,0.031033868963817362
2019-07-01,Ningxia,0.006937053593672621
2019-07-01,Qinghai,0.005442846946182085
2019-07-01,Shaanxi,0.047733659162563724
2019-07-01,Sichuan,0.08580223017981808
2019-07-01,Tibet,0.003142037268035053
2019-07-01,Xinjiang,0.025163231215242828
2019-07-01,Yunnan,0.042978621625543945
2019-08-01,Heilongjiang,0.01567252481754555
2019-08-01,Jilin,0.01519611516563402
2019-08-01,Liaoning,0.03220849146933931
2019-08-01,Guangdong,0.04669499297699346
2019-08-01,Guangxi,0.009183221694825083
2019-08-01,Hainan,0.0023051278751007095
2019-08-01,Henan,0.023228273094148322
2019-08-01,Hubei,0.019644094068638093
2019-08-01,Hunan,0.017250760536404307
2019-08-01,Anhui,0.03794787423684397
2019-08-01,Beijing,0.03650562114934627
2019-08-01,Fujian,0.04359295280439148
2019-08-01,Hebei,0.03602507531646256
2019-08-01,InnerMongolia,0.0177275128642432
2019-08-01,Jiangsu,0.10160853669589781
2019-08-01,Jiangxi,0.025405308751340373
2019-08-01,Shandong,0.07265097966323156
2019-08-01,Shanghai,0.03912410704649006
2019-08-01,Shanxi,0.01746908007682649
2019-08-01,Tianjin,0.01447598689249386
2019-08-01,Zhejiang,0.06433079534067228
2019-08-01,Chongqing,0.04421016365401866
2019-08-01,Gansu,0.016328114250893307
2019-08-01,Guizhou,0.031406517679870294
2019-08-01,Ningxia,0.007020352395954942
2019-08-01,Qinghai,0.005508203603082716
2019-08-01,Shaanxi,0.048306835740069304
2019-08-01,Sichuan,0.08683252681953986
2019-08-01,Tibet,0.0031797662458524453
2019-08-01,Xinjiang,0.02546538644490614
2019-08-01,Yunnan,0.043494700628943644
2019-09-01,Heilongjiang,0.015710267679430023
2019-09-01,Jilin,0.015232710729051795
2019-09-01,Liaoning,0.032286056549579195
2019-09-01,Guangdong,0.045853186367405895
2019-09-01,Guangxi,0.009017668683095958
2019-09-01,Hainan,0.002263571559155649
2019-09-01,Henan,0.022809519121327445
2019-09-01,Hubei,0.019289954852159636
2019-09-01,Hunan,0.01693976778720072
2019-09-01,Anhui,0.0383606265345643
2019-09-01,Beijing,0.03690268631602881
2019-09-01,Fujian,0.044067105620491966
2019-09-01,Hebei,0.03641691367134941
2019-09-01,InnerMongolia,0.0179203318775538
2019-09-01,Jiangsu,0.10271371472846631
2019-09-01,Jiangxi,0.025681637788797475
2019-09-01,Shandong,0.07344119148380615
2019-09-01,Shanghai,0.03954965301986677
2019-09-01,Shanxi,0.01765908816254345
2019-09-01,Tianjin,0.014633439634493439
2019-09-01,Zhejiang,0.06503050999202048
2019-09-01,Chongqing,0.04370926065170539
2019-09-01,Gansu,0.016143116033868088
2019-09-01,Guizhou,0.03105068052167371
2019-09-01,Ningxia,0.006940811509837652
2019-09-01,Qinghai,0.005445795426000881
2019-09-01,Shaanxi,0.04775951727176829
2019-09-01,Sichuan,0.08584871066082267
2019-09-01,Tibet,0.003143739361363473
2019-09-01,Xinjiang,0.025176862551958237
2019-09-01,Yunnan,0.043001903852612905
2019-10-01,Heilongjiang,0.016630558356801634
2019-10-01,Jilin,0.014398801894927177
2019-10-01,Liaoning,0.030518586009413262
2019-10-01,Guangdong,0.045638328953420286
2019-10-01,Guangxi,0.008975416479605492
2019-10-01,Hainan,0.002252963873013982
2019-10-01,Henan,0.022702641626759917
2019-10-01,Hubei,0.01919956435919991
2019-10-01,Hunan,0.01686039276454781
2019-10-01,Anhui,0.038989533925791256
2019-10-01,Beijing,0.037507686792578446
2019-10-01,Fujian,0.04478956927625926
2019-10-01,Hebei,0.037013956440801465
2019-10-01,InnerMongolia,0.01821412939232725
2019-10-01,Jiangsu,0.10439767337605448
2019-10-01,Jiangxi,0.026102682860570766
2019-10-01,Shandong,0.07464523984079459
2019-10-01,Shanghai,0.040198050547914865
2019-10-01,Shanxi,0.01794860832441203
2019-10-01,Tianjin,0.014873349072372274
2019-10-01,Zhejiang,0.06609666144153419
2019-10-01,Chongqing,0.042833598144562626
2019-10-01,Gansu,0.015819698264608203
2019-10-01,Guizhou,0.03042862701405376
2019-10-01,Ningxia,0.006801764397981091
2019-10-01,Qinghai,0.005336687195335243
2019-10-01,Shaanxi,0.04680272148099335
2019-10-01,Sichuan,0.08412884798822345
2019-10-01,Tibet,0.0030807611699089385
2019-10-01,Xinjiang,0.024672490906562844
2019-10-01,Yunnan,0.04214040782867012
2019-11-01,Heilongjiang,0.015955474499697492
2019-11-01,Jilin,0.013814311674433146
2019-11-01,Liaoning,0.02927974577840124
2019-11-01,Guangdong,0.044882138096434036
2019-11-01,Guangxi,0.008826700958350354
2019-11-01,Hainan,0.0022156340513276463
2019-11-01,Henan,0.022326476889328078
2019-11-01,Hubei,0.01888144282934802
2019-11-01,Hunan,0.016581029449848864
2019-11-01,Anhui,0.04028010036235955
2019-11-01,Beijing,0.038749203600138886
2019-11-01,Fujian,0.046272118796505106
2019-11-01,Hebei,0.03823913061082406
2019-11-01,InnerMongolia,0.01881702308451115
2019-11-01,Jiangsu,0.1078532708082113
2019-11-01,Jiangxi,0.026966690275185057
2019-11-01,Shandong,0.07711602190686069
2019-11-01,Shanghai,0.041528619283395386
2019-11-01,Shanxi,0.018542713181645878
2019-11-01,Tianjin,0.015365661833758492
2019-11-01,Zhejiang,0.06828448274219447
2019-11-01,Chongqing,0.041015062428585686
2019-11-01,Gansu,0.015148059934970926
2019-11-01,Guizhou,0.029136754572554893
2019-11-01,Ningxia,0.006512989883926889
2019-11-01,Qinghai,0.0051101137415488045
2019-11-01,Shaanxi,0.04481567336211119
2019-11-01,Sichuan,0.08055708840140947
2019-11-01,Tibet,0.002949964915039897
2019-11-01,Xinjiang,0.023624999968158072
2019-11-01,Yunnan,0.04035130207893523
2019-12-01,Heilongjiang,0.01645550291476436
2019-12-01,Jilin,0.014247238214595736
2019-12-01,Liaoning,0.030197343363820097
2019-12-01,Guangdong,0.04411236399628118
2019-12-01,Guangxi,0.00867531410211517
2019-12-01,Hainan,0.00217763368457898
2019-12-01,Henan,0.021943555210772132
2019-12-01,Hubei,0.01855760697214531
2019-12-01,Hunan,0.016296648010690563
2019-12-01,Anhui,0.0406904054601942
2019-12-01,Beijing,0.039143914527647566
2019-12-01,Fujian,0.04674346037855235
2019-12-01,Hebei,0.038628645782962205
2019-12-01,InnerMongolia,0.019008698885420075
2019-12-01,Jiangsu,0.10895189634371526
2019-12-01,Jiangxi,0.027241381013095332
2019-12-01,Shandong,0.07790154867140373
2019-12-01,Shanghai,0.04195164216677266
2019-12-01,Shanxi,0.018731594780193848
2019-12-01,Tianjin,0.015522181041140752
2019-12-01,Zhejiang,0.06898004881874541
2019-12-01,Chongqing,0.0402520256712712
2019-12-01,Gansu,0.014866248184653317
2019-12-01,Guizhou,0.02859469969292571
2019-12-01,Ningxia,0.006391823405389727
2019-12-01,Qinghai,0.005015046115462686
2019-12-01,Shaanxi,0.0439819307306418
2019-12-01,Sichuan,0.07905841898893365
2019-12-01,Tibet,0.002895084304608478
2019-12-01,Xinjiang,0.02318548476813501
2019-12-01,Yunnan,0.03960061379837153
2020-01-01,Heilongjiang,0.015870374588994783
2020-01-01,Jilin,0.015873107780176084
2020-01-01,Liaoning,0.03371138001970402
2020-01-01,Guangdong,0.045996033423580884
2020-01-01,Guangxi,0.009491643027337791
2020-01-01,Hainan,0.0022839319507371764
2020-01-01,Henan,0.02311346712011376
2020-01-01,Hubei,0.012622849584760822
2020-01-01,Hunan,0.0178592767683122
2020-01-01,Anhui,0.03958379365387512
2020-01-01,Beijing,0.038211499056346104
2020-01-01,Fujian,0.04597431411994044
2020-01-01,Hebei,0.03790985059460635
2020-01-01,InnerMongolia,0.01815645770101033
2020-01-01,Jiangsu,0.10811853006453279
2020-01-01,Jiangxi,0.027580038007114806
2020-01-01,Shandong,0.07638861224708776
2020-01-01,Shanghai,0.040683832498137645
2020-01-01,Shanxi,0.018889267854820414
2020-01-01,Tianjin,0.014704332992878466
2020-01-01,Zhejiang,0.0675292072209607
2020-01-01,Chongqing,0.04003949333394089
2020-01-01,Gansu,0.015232604282258998
2020-01-01,Guizhou,0.029745484697710038
2020-01-01,Ningxia,0.006517142932145714
2020-01-01,Qinghai,0.0052382131942367615
2020-01-01,Shaanxi,0.04332132827765244
2020-01-01,Sichuan,0.081375805217906
2020-01-01,Tibet,0.003082491006014515
2020-01-01,Xinjiang,0.023898731016000582
2020-01-01,Yunnan,0.0409969057671055
2020-02-01,Heilongjiang,0.017963900992675932
2020-02-01,Jilin,0.017966994730350464
2020-02-01,Liaoning,0.03815838684868711
2020-02-01,Guangdong,0.03544536377000385
2020-02-01,Guangxi,0.007314429415701049
2020-02-01,Hainan,0.0017600386988655082
2020-02-01,Henan,0.017811650028900998
2020-02-01,Hubei,0.009727393038994291
2020-02-01,Hunan,0.013762677226803402
2020-02-01,Anhui,0.03979918779015767
2020-02-01,Beijing,0.038419425888909745
2020-02-01,Fujian,0.046224482099483696
2020-02-01,Hebei,0.03811613601527184
2020-02-01,InnerMongolia,0.018255255571640316
2020-02-01,Jiangsu,0.10870685410449273
2020-02-01,Jiangxi,0.027730114033610073
2020-02-01,Shandong,0.07680427880246282
2020-02-01,Shanghai,0.04090521246586447
2020-02-01,Shanxi,0.018992053291966106
2020-02-01,Tianjin,0.014784346220824893
2020-02-01,Zhejiang,0.06789666556490798
2020-02-01,Chongqing,0.04197708122984074
2020-02-01,Gansu,0.015969739226354765
2020-02-01,Guizhou,0.031184925767237796
2020-02-01,Ningxia,0.006832519981397
2020-02-01,Qinghai,0.005491700379917318
2020-02-01,Shaanxi,0.04541773046249052
2020-02-01,Sichuan,0.08531373654721335
2020-02-01,Tibet,0.003231658659377676
2020-02-01,Xinjiang,0.02505523645820897
2020-02-01,Yunnan,0.042980824687387
2020-03-01,Heilongjiang,0.01395881904918273
2020-03-01,Jilin,0.013961223032838734
2020-03-01,Liaoning,0.029650910314341118
2020-03-01,Guangdong,0.04059152153253153
2020-03-01,Guangxi,0.008376379518973092
2020-03-01,Hainan,0.00201557104073361
2020-03-01,Henan,0.020397645806922188
2020-03-01,Hubei,0.011139670806027423
2020-03-01,Hunan,0.015760820304229334
2020-03-01,Anhui,0.034625775761887904
2020-03-01,Beijing,0.033425366184453735
2020-03-01,Fujian,0.040215859688522135
2020-03-01,Hebei,0.03316150031837607
2020-03-01,InnerMongolia,0.015882293609416107
2020-03-01,Jiangsu,0.09457628064795032
2020-03-01,Jiangxi,0.024125535310969715
2020-03-01,Shandong,0.0668206534613068
2020-03-01,Shanghai,0.035588030635280314
2020-03-01,Shanxi,0.016523316556426602
2020-03-01,Tianjin,0.012862560405189863
2020-03-01,Zhejiang,0.05907092198026705
2020-03-01,Chongqing,0.0521878298082686
2020-03-01,Gansu,0.019854311171948903
2020-03-01,Guizhou,0.03877052788908903
2020-03-01,Ningxia,0.00849450174961805
2020-03-01,Qinghai,0.00682753341557703
2020-03-01,Shaanxi,0.05646540250562495
2020-03-01,Sichuan,0.10606594438653703
2020-03-01,Tibet,0.004017746045528461
2020-03-01,Xinjiang,0.031149817418877675
2020-03-01,Yunnan,0.053435729643103926
2020-04-01,Heilongjiang,0.013235178853419101
2020-04-01,Jilin,0.013720905874481753
2020-04-01,Liaoning,0.028079145938727155
2020-04-01,Guangdong,0.04320645878927187
2020-04-01,Guangxi,0.008910600691143546
2020-04-01,Hainan,0.002096657315772727
2020-04-01,Henan,0.022093859657402418
2020-04-01,Hubei,0.015131996371873157
2020-04-01,Hunan,0.016543145300206827
2020-04-01,Anhui,0.03501198723641115
2020-04-01,Beijing,0.03270860848031642
2020-04-01,Fujian,0.040074765566799696
2020-04-01,Hebei,0.03304482067310473
2020-04-01,InnerMongolia,0.015526986450165222
2020-04-01,Jiangsu,0.09480338224343636
2020-04-01,Jiangxi,0.023784918936274598
2020-04-01,Shandong,0.0666505302842752
2020-04-01,Shanghai,0.035426377911271026
2020-04-01,Shanxi,0.016021832255560538
2020-04-01,Tianjin,0.01272205390659415
2020-04-01,Zhejiang,0.05903656407794418
2020-04-01,Chongqing,0.05310231098178268
2020-04-01,Gansu,0.019321550270258767
2020-04-01,Guizhou,0.03784176864980958
2020-04-01,Ningxia,0.008406041247551371
2020-04-01,Qinghai,0.00658645777221949
2020-04-01,Shaanxi,0.055430380018585274
2020-04-01,Sichuan,0.10446281467931837
2020-04-01,Tibet,0.003965352708152622
2020-04-01,Xinjiang,0.03033826319039001
2020-04-01,Yunnan,0.05271428366748
2020-05-01,Heilongjiang,0.009365792443367818
2020-05-01,Jilin,0.00970951416513608
2020-05-01,Liaoning,0.01987003392713618
2020-05-01,Guangdong,0.045433922640659506
2020-05-01,Guangxi,0.009369977402168985
2020-05-01,Hainan,0.0022047482936149287
2020-05-01,Henan,0.023232885513803196
2020-05-01,Hubei,0.015912110638632865
2020-05-01,Hunan,0.017396009875945063
2020-05-01,Anhui,0.036175763317166224
2020-05-01,Beijing,0.03379582172323078
2020-05-01,Fujian,0.04140682516380557
2020-05-01,Hebei,0.03414320939444547
2020-05-01,InnerMongolia,0.016043093556994004
2020-05-01,Jiangsu,0.09795458608355578
2020-05-01,Jiangxi,0.0245755144415748
2020-05-01,Shandong,0.06886595131681274
2020-05-01,Shanghai,0.036603928073235294
2020-05-01,Shanxi,0.016554387720721347
2020-05-01,Tianjin,0.01314492684821266
2020-05-01,Zhejiang,0.06099890173961293
2020-05-01,Chongqing,0.05239929246597416
2020-05-01,Gansu,0.019065753350256977
2020-05-01,Guizhou,0.03734078359774875
2020-05-01,Ningxia,0.008294754139091889
2020-05-01,Qinghai,0.006499260027303082
2020-05-01,Shaanxi,0.0546965403274137
2020-05-01,Sichuan,0.10307983733661422
2020-05-01,Tibet,0.00391285562612357
2020-05-01,Xinjiang,0.029936616626125918
2020-05-01,Yunnan,0.05201640222351545
2020-06-01,Heilongjiang,0.011547633945954455
2020-06-01,Jilin,0.011971428584395734
2020-06-01,Liaoning,0.02449892837917264
2020-06-01,Guangdong,0.04741818764698993
2020-06-01,Guangxi,0.00977919846846961
2020-06-01,Hainan,0.0023010376878058614
2020-06-01,Henan,0.02424755030701797
2020-06-01,Hubei,0.016607050509152458
2020-06-01,Hunan,0.01815575703490433
2020-06-01,Anhui,0.03597864319407809
2020-06-01,Beijing,0.03361166979588813
2020-06-01,Fujian,0.04118120121770061
2020-06-01,Hebei,0.03395716456715462
2020-06-01,InnerMongolia,0.01595567545474298
2020-06-01,Jiangsu,0.0974208359067717
2020-06-01,Jiangxi,0.024441603557947958
2020-06-01,Shandong,0.06849070381529812
2020-06-01,Shanghai,0.03640447489946132
2020-06-01,Shanxi,0.01646418359934463
2020-06-01,Tianjin,0.013073300727276754
2020-06-01,Zhejiang,0.06066652144085508
2020-06-01,Chongqing,0.05077058517693738
2020-06-01,Gansu,0.01847313978638672
2020-06-01,Guizhou,0.0361801342156318
2020-06-01,Ningxia,0.008036931449293556
2020-06-01,Qinghai,0.006297245998455506
2020-06-01,Shaanxi,0.05299642855635876
2020-06-01,Sichuan,0.0998758459366943
2020-06-01,Tibet,0.0037912338221010393
2020-06-01,Xinjiang,0.029006108151422134
2020-06-01,Yunnan,0.05039959616633592
2020-07-01,Heilongjiang,0.01383193090769134
2020-07-01,Jilin,0.014119595116399816
2020-07-01,Liaoning,0.028433733774452775
2020-07-01,Guangdong,0.04963429138819676
2020-07-01,Guangxi,0.010077317645933115
2020-07-01,Hainan,0.0024382697925117913
2020-07-01,Henan,0.024820343562003046
2020-07-01,Hubei,0.01817713710374021
2020-07-01,Hunan,0.018680804464930315
2020-07-01,Anhui,0.03620560155331058
2020-07-01,Beijing,0.03410527173404541
2020-07-01,Fujian,0.04138613479655931
2020-07-01,Hebei,0.03413311595395636
2020-07-01,InnerMongolia,0.016287760752287824
2020-07-01,Jiangsu,0.0982397471017884
2020-07-01,Jiangxi,0.024539167069703365
2020-07-01,Shandong,0.06908588778895368
2020-07-01,Shanghai,0.03655417487965498
2020-07-01,Shanxi,0.016796004528572165
2020-07-01,Tianjin,0.01335326562386892
2020-07-01,Zhejiang,0.06101327980600943
2020-07-01,Chongqing,0.0483880449382974
2020-07-01,Gansu,0.017510841714168616
2020-07-01,Guizhou,0.03458076088475616
2020-07-01,Ningxia,0.007693988839516368
2020-07-01,Qinghai,0.005928819794548961
2020-07-01,Shaanxi,0.05064543142896559
2020-07-01,Sichuan,0.09504718054887593
2020-07-01,Tibet,0.003569692480936427
2020-07-01,Xinjiang,0.026799628223272393
2020-07-01,Yunnan,0.047922775802092483
2020-08-01,Heilongjiang,0.012400250775709972
2020-08-01,Jilin,0.012658140173147444
2020-08-01,Liaoning,0.025490687572545006
2020-08-01,Guangdong,0.05098074923334067
2020-08-01,Guangxi,0.010350690812404884
2020-08-01,Hainan,0.0025044141334277905
2020-08-01,Henan,0.025493659234968883
2020-08-01,Hubei,0.018670238710936878
2020-08-01,Hunan,0.019187569345054833
2020-08-01,Anhui,0.037022896540565314
2020-08-01,Beijing,0.03487515447128298
2020-08-01,Fujian,0.04232037367286334
2020-08-01,Hebei,0.03490362723872196
2020-08-01,InnerMongolia,0.016655436046864775
2020-08-01,Jiangsu,0.10045738330753519
2020-08-01,Jiangxi,0.025093107271689626
2020-08-01,Shandong,0.07064541303801813
2020-08-01,Shanghai,0.037379338462378085
2020-08-01,Shanxi,0.01717515277409702
2020-08-01,Tianjin,0.013654698457177858
2020-08-01,Zhejiang,0.06239057629058785
2020-08-01,Chongqing,0.047186280971690406
2020-08-01,Gansu,0.017075942998506913
2020-08-01,Guizhou,0.03372191419189751
2020-08-01,Ningxia,0.007502901173986632
2020-08-01,Qinghai,0.005781571812063188
2020-08-01,Shaanxi,0.04938760308226947
2020-08-01,Sichuan,0.09268659175350544
2020-08-01,Tibet,0.003481035710427768
2020-08-01,Xinjiang,0.02613403349717297
2020-08-01,Yunnan,0.04673256724516113
2020-09-01,Heilongjiang,0.014896297613228889
2020-09-01,Jilin,0.015206097574940142
2020-09-01,Liaoning,0.030621708811749814
2020-09-01,Guangdong,0.04868032886699492
2020-09-01,Guangxi,0.00988363333858039
2020-09-01,Hainan,0.002391406667571763
2020-09-01,Henan,0.02434330083893246
2020-09-01,Hubei,0.017827775663197126
2020-09-01,Hunan,0.01832176262456103
2020-09-01,Anhui,0.03700277935475847
2020-09-01,Beijing,0.03485620430724672
2020-09-01,Fujian,0.04229737798910697
2020-09-01,Hebei,0.034884661603396136
2020-09-01,InnerMongolia,0.01664638595805604
2020-09-01,Jiangsu,0.100402797631251
2020-09-01,Jiangxi,0.025079472393043586
2020-09-01,Shandong,0.07060702633591528
2020-09-01,Shanghai,0.03735902759619935
2020-09-01,Shanxi,0.017165820286044964
2020-09-01,Tianjin,0.013647278883571607
2020-09-01,Zhejiang,0.06235667503128312
2020-09-01,Chongqing,0.04658970689055385
2020-09-01,Gansu,0.016860052599982255
2020-09-01,Guizhou,0.033295569509525384
2020-09-01,Ningxia,0.007408042323457282
2020-09-01,Qinghai,0.005708475653173786
2020-09-01,Shaanxi,0.0487631977822201
2020-09-01,Sichuan,0.09151475923841061
2020-09-01,Tibet,0.003437025128589417
2020-09-01,Xinjiang,0.025803622057684408
2020-09-01,Yunnan,0.04614172944677306
2020-10-01,Heilongjiang,0.016081473054164023
2020-10-01,Jilin,0.014456685670617971
2020-10-01,Liaoning,0.029502468088915046
2020-10-01,Guangdong,0.048673190804870654
2020-10-01,Guangxi,0.009686707484899132
2020-10-01,Hainan,0.0024374510889827086
2020-10-01,Henan,0.023760151689665034
2020-10-01,Hubei,0.018831624396656636
2020-10-01,Hunan,0.018191451048758307
2020-10-01,Anhui,0.037252941105736785
2020-10-01,Beijing,0.035179680874426
2020-10-01,Fujian,0.04268214121974084
2020-10-01,Hebei,0.03524877127868621
2020-10-01,InnerMongolia,0.016891414652767316
2020-10-01,Jiangsu,0.1006236601820956
2020-10-01,Jiangxi,0.0252342449088607
2020-10-01,Shandong,0.07125166446668603
2020-10-01,Shanghai,0.038135573711740665
2020-10-01,Shanxi,0.017456685542077993
2020-10-01,Tianjin,0.013710407876086626
2020-10-01,Zhejiang,0.06331482230645799
2020-10-01,Chongqing,0.046354756399437314
2020-10-01,Gansu,0.016622469858843334
2020-10-01,Guizhou,0.0330618081612781
2020-10-01,Ningxia,0.007323670290927866
2020-10-01,Qinghai,0.0055715272394024785
2020-10-01,Shaanxi,0.04815536183999308
2020-10-01,Sichuan,0.08978248075981302
2020-10-01,Tibet,0.0035222049695830208
2020-10-01,Xinjiang,0.02554686137460882
2020-10-01,Yunnan,0.04545564765322072
2020-11-01,Heilongjiang,0.01634588750938948
2020-11-01,Jilin,0.014694385081181127
2020-11-01,Liaoning,0.02998755294409359
2020-11-01,Guangdong,0.04886776461722025
2020-11-01,Guangxi,0.009725430641801014
2020-11-01,Hainan,0.0024471949365290993
2020-11-01,Henan,0.023855134229741285
2020-11-01,Hubei,0.01890690487223266
2020-11-01,Hunan,0.018264172395442112
2020-11-01,Anhui,0.038579501364352314
2020-11-01,Beijing,0.036432413280877624
2020-11-01,Fujian,0.044202032820621844
2020-11-01,Hebei,0.03650396396295276
2020-11-01,InnerMongolia,0.017492910232044048
2020-11-01,Jiangsu,0.10420682287239512
2020-11-01,Jiangxi,0.026132824872178304
2020-11-01,Shandong,0.07378890377279704
2020-11-01,Shanghai,0.03949356411528783
2020-11-01,Shanxi,0.018078310160159563
2020-11-01,Tianjin,0.014198629253459296
2020-11-01,Zhejiang,0.06556943427963496
2020-11-01,Chongqing,0.043589809362799666
2020-11-01,Gansu,0.015630980476787917
2020-11-01,Guizhou,0.03108975274341125
2020-11-01,Ningxia,0.006886831397984014
2020-11-01,Qinghai,0.005239199363544656
2020-11-01,Shaanxi,0.045283013124137926
2020-11-01,Sichuan,0.08442717693770438
2020-11-01,Tibet,0.003312114119160664
2020-11-01,Xinjiang,0.02402305402149813
2020-11-01,Yunnan,0.04274433023858011
2020-12-01,Heilongjiang,0.016738663476349194
2020-12-01,Jilin,0.015047477032035675
2020-12-01,Liaoning,0.030708125020562745
2020-12-01,Guangdong,0.048513162441493375
2020-12-01,Guangxi,0.00965485939933726
2020-12-01,Hainan,0.0024294372049095277
2020-12-01,Henan,0.023682032747273596
2020-12-01,Hubei,0.018769709531777246
2020-12-01,Hunan,0.01813164095431717
2020-12-01,Anhui,0.038620836695012296
2020-12-01,Beijing,0.03647144815163668
2020-12-01,Fujian,0.04424939231407999
2020-12-01,Hebei,0.03654307549543625
2020-12-01,InnerMongolia,0.017511652704162026
2020-12-01,Jiangsu,0.10431847344661527
2020-12-01,Jiangxi,0.02616082442942943
2020-12-01,Shandong,0.07386796360064915
2020-12-01,Shanghai,0.039535878802464036
2020-12-01,Shanxi,0.018097679848771826
2020-12-01,Tianjin,0.014213842125952577
2020-12-01,Zhejiang,0.06563968750093867
2020-12-01,Chongqing,0.043426524081300655
2020-12-01,Gansu,0.015572427592878404
2020-12-01,Guizhou,0.03097329205907582
2020-12-01,Ningxia,0.006861033666360628
2020-12-01,Qinghai,0.0052195735804680295
2020-12-01,Shaanxi,0.04511338518464506
2020-12-01,Sichuan,0.0841109168862391
2020-12-01,Tibet,0.0032997071026077186
2020-12-01,Xinjiang,0.02393306484293306
2020-12-01,Yunnan,0.04258421208028759
2021-01-01,Heilongjiang,0.010147092004891767
2021-01-01,Jilin,0.0104447999016615
2021-01-01,Liaoning,0.02202773436696558
2021-01-01,Guangdong,0.05181578891132588
2021-01-01,Guangxi,0.010541696801160315
2021-01-01,Hainan,0.0026884117469515682
2021-01-01,Henan,0.025285252606924533
2021-01-01,Hubei,0.01876001566025174
2021-01-01,Hunan,0.019427609120080853
2021-01-01,Anhui,0.036344248719084954
2021-01-01,Beijing,0.034005284416489076
2021-01-01,Fujian,0.041002944562935136
2021-01-01,Hebei,0.03337447283184958
2021-01-01,InnerMongolia,0.01610502395033268
2021-01-01,Jiangsu,0.09870050065446093
2021-01-01,Jiangxi,0.02507630255843189
2021-01-01,Shandong,0.06886397472716854
2021-01-01,Shanghai,0.036076216053057754
2021-01-01,Shanxi,0.017102828803679235
2021-01-01,Tianjin,0.012983071712402611
2021-01-01,Zhejiang,0.06234675049152593
2021-01-01,Chongqing,0.04916011387994185
2021-01-01,Gansu,0.0180976095764654
2021-01-01,Guizhou,0.03555834539717798
2021-01-01,Ningxia,0.007967181957960052
2021-01-01,Qinghai,0.006099721819518781
2021-01-01,Shaanxi,0.052091940633985534
2021-01-01,Sichuan,0.09724400007071321
2021-01-01,Tibet,0.0039008105697027912
2021-01-01,Xinjiang,0.027900292669086058
2021-01-01,Yunnan,0.04885996282381623
2021-02-01,Heilongjiang,0.012368550262538554
2021-02-01,Jilin,0.012731434040765452
2021-02-01,Liaoning,0.02685016944325693
2021-02-01,Guangdong,0.053202830013656104
2021-02-01,Guangxi,0.010823884278350621
2021-02-01,Hainan,0.0027603770237784966
2021-02-01,Henan,0.025962105847712316
2021-02-01,Hubei,0.019262196816764835
2021-02-01,Hunan,0.019947660882984105
2021-02-01,Anhui,0.03516917361433583
2021-02-01,Beijing,0.0329058322457596
2021-02-01,Fujian,0.03967724542000547
2021-02-01,Hebei,0.0322954159372648
2021-02-01,InnerMongolia,0.01558431948202194
2021-02-01,Jiangsu,0.09550933547061634
2021-02-01,Jiangxi,0.02426554047380812
2021-02-01,Shandong,0.06663747823410783
2021-02-01,Shanghai,0.034909806927774664
2021-02-01,Shanxi,0.016549863505006368
2021-02-01,Tianjin,0.012563305590110868
2021-02-01,Zhejiang,0.06033096761124518
2021-02-01,Chongqing,0.04955870757057702
2021-02-01,Gansu,0.01824434627871094
2021-02-01,Guizhou,0.03584665498407917
2021-02-01,Ningxia,0.008031780434447328
2021-02-01,Qinghai,0.006149178796730582
2021-02-01,Shaanxi,0.05251430578391901
2021-02-01,Sichuan,0.09803246132153483
2021-02-01,Tibet,0.003932438618515772
2021-02-01,Xinjiang,0.0281265102212246
2021-02-01,Yunnan,0.049256122868396354
2021-03-01,Heilongjiang,0.01505101464150259
2021-03-01,Jilin,0.01549259986720194
2021-03-01,Liaoning,0.03267337600925449
2021-03-01,Guangdong,0.04975141676315812
2021-03-01,Guangxi,0.010121709269792483
2021-03-01,Hainan,0.002581303808428978
2021-03-01,Henan,0.024277872958021574
2021-03-01,Hubei,0.018012605370031312
2021-03-01,Hunan,0.018653601505497986
2021-03-01,Anhui,0.03757892530281796
2021-03-01,Beijing,0.03516050236353588
2021-03-01,Fujian,0.04239588505008776
2021-03-01,Hebei,0.03450826102536587
2021-03-01,InnerMongolia,0.016652139289148125
2021-03-01,Jiangsu,0.10205352627077513
2021-03-01,Jiangxi,0.025928187648004305
2021-03-01,Shandong,0.071203402285999
2021-03-01,Shanghai,0.03730178710653266
2021-03-01,Shanxi,0.017683841288012373
2021-03-01,Tianjin,0.013424128968865098
2021-03-01,Zhejiang,0.06446477674373208
2021-03-01,Chongqing,0.044646186415664785
2021-03-01,Gansu,0.016435870201644668
2021-03-01,Guizhou,0.03229334498923423
2021-03-01,Ningxia,0.007235627886690859
2021-03-01,Qinghai,0.005539639678276831
2021-03-01,Shaanxi,0.047308810105250565
2021-03-01,Sichuan,0.08831496537141702
2021-03-01,Tibet,0.0035426345083835343
2021-03-01,Xinjiang,0.025338461798475705
2021-03-01,Yunnan,0.044373595509195986
2021-04-01,Heilongjiang,0.01536775525968732
2021-04-01,Jilin,0.015606235307361641
2021-04-01,Liaoning,0.032429241829123844
2021-04-01,Guangdong,0.04821101845263002
2021-04-01,Guangxi,0.009902019556373712
2021-04-01,Hainan,0.0024481654470636153
2021-04-01,Henan,0.024260033394928947
2021-04-01,Hubei,0.019102195526764686
2021-04-01,Hunan,0.018170309011542266
2021-04-01,Anhui,0.03891184500649935
2021-04-01,Beijing,0.03636173768031246
2021-04-01,Fujian,0.043331922157811495
2021-04-01,Hebei,0.03543756804409021
2021-04-01,InnerMongolia,0.01721569800706148
2021-04-01,Jiangsu,0.1043868822830592
2021-04-01,Jiangxi,0.02643204161438588
2021-04-01,Shandong,0.07357500508112814
2021-04-01,Shanghai,0.038015477941940545
2021-04-01,Shanxi,0.018243918387917567
2021-04-01,Tianjin,0.013822378942877226
2021-04-01,Zhejiang,0.06534897616269247
2021-04-01,Chongqing,0.04344781071911076
2021-04-01,Gansu,0.015988040155429154
2021-04-01,Guizhou,0.030558560332186114
2021-04-01,Ningxia,0.0069239735682066535
2021-04-01,Qinghai,0.005244056341508496
2021-04-01,Shaanxi,0.045600076806333996
2021-04-01,Sichuan,0.08496142234230233
2021-04-01,Tibet,0.00311816523540127
2021-04-01,Xinjiang,0.024677582010804295
2021-04-01,Yunnan,0.0428998873934648
2021-05-01,Heilongjiang,0.014379018360025838
2021-05-01,Jilin,0.014602154981221527
2021-05-01,Liaoning,0.03034279605466447
2021-05-01,Guangdong,0.04763948472059212
2021-05-01,Guangxi,0.00978463273540607
2021-05-01,Hainan,0.0024191428464317437
2021-05-01,Henan,0.023972434670185325
2021-05-01,Hubei,0.018875742125655636
2021-05-01,Hunan,0.017954902972529583
2021-05-01,Anhui,0.03821579856954628
2021-05-01,Beijing,0.035711306996555975
2021-05-01,Fujian,0.04255681036295225
2021-05-01,Hebei,0.03480366870142859
2021-05-01,InnerMongolia,0.01690774742657696
2021-05-01,Jiangsu,0.10251963292838001
2021-05-01,Jiangxi,0.025959231127398806
2021-05-01,Shandong,0.07225891173919154
2021-05-01,Shanghai,0.03733546551985837
2021-05-01,Shanxi,0.017917575229739087
2021-05-01,Tianjin,0.013575127299790194
2021-05-01,Zhejiang,0.06418002819815942
2021-05-01,Chongqing,0.045548294008577954
2021-05-01,Gansu,0.016760981544695474
2021-05-01,Guizhou,0.03203591314388253
2021-05-01,Ningxia,0.007258712891915166
2021-05-01,Qinghai,0.005497580110187548
2021-05-01,Shaanxi,0.04780461134431924
2021-05-01,Sichuan,0.08906888011579318
2021-05-01,Tibet,0.0032689128533445835
2021-05-01,Xinjiang,0.0258706190771196
2021-05-01,Yunnan,0.044973881343874866
2021-06-01,Heilongjiang,0.01593845830216419
2021-06-01,Jilin,0.01618579463928859
2021-06-01,Liaoning,0.033633546990440924
2021-06-01,Guangdong,0.051217360134700525
2021-06-01,Guangxi,0.010519489485125646
2021-06-01,Hainan,0.0026008280968963246
2021-06-01,Henan,0.025772840050844317
2021-06-01,Hubei,0.020293369836587645
2021-06-01,Hunan,0.01930337276150586
2021-06-01,Anhui,0.03417943740361278
2021-06-01,Beijing,0.03193947078899091
2021-06-01,Fujian,0.03806195056347911
2021-06-01,Hebei,0.03112769745297198
2021-06-01,InnerMongolia,0.015121947373443136
2021-06-01,Jiangsu,0.09169148643957087
2021-06-01,Jiangxi,0.02321741134756505
2021-06-01,Shandong,0.06462690936965028
2021-06-01,Shanghai,0.03339208532692173
2021-06-01,Shanxi,0.01602511693887288
2021-06-01,Tianjin,0.012141319327525511
2021-06-01,Zhejiang,0.057401319309579396
2021-06-01,Chongqing,0.05092098398247702
2021-06-01,Gansu,0.01873803819320427
2021-06-01,Guizhou,0.03581473808341647
2021-06-01,Ningxia,0.00811492089765211
2021-06-01,Qinghai,0.006146052115157679
2021-06-01,Shaanxi,0.05344344725829212
2021-06-01,Sichuan,0.09957507995490063
2021-06-01,Tibet,0.0036545004081585284
2021-06-01,Xinjiang,0.028922211211569817
2021-06-01,Yunnan,0.050278815955433695
2021-07-01,Heilongjiang,0.017046650960529337
2021-07-01,Jilin,0.01667761799734916
2021-07-01,Liaoning,0.03449095025600916
2021-07-01,Guangdong,0.05109429405842365
2021-07-01,Guangxi,0.010413971856000213
2021-07-01,Hainan,0.0026321891266210882
2021-07-01,Henan,0.025408806259774847
2021-07-01,Hubei,0.020049131481027223
2021-07-01,Hunan,0.01917805343800796
2021-07-01,Anhui,0.03496730454963627
2021-07-01,Beijing,0.0326396022322803
2021-07-01,Fujian,0.038611353698354424
2021-07-01,Hebei,0.03188019085169684
2021-07-01,InnerMongolia,0.01589747702878845
2021-07-01,Jiangsu,0.09313221008172193
2021-07-01,Jiangxi,0.02369666571577329
2021-07-01,Shandong,0.06630294901946718
2021-07-01,Shanghai,0.03386139568970016
2021-07-01,Shanxi,0.017162824946252774
2021-07-01,Tianjin,0.012525271583280961
2021-07-01,Zhejiang,0.057980346949055205
2021-07-01,Chongqing,0.04921537293385881
2021-07-01,Gansu,0.0182560053679777
2021-07-01,Guizhou,0.034498128599578716
2021-07-01,Ningxia,0.007950908397389945
2021-07-01,Qinghai,0.005924620416230652
2021-07-01,Shaanxi,0.05227726418946566
2021-07-01,Sichuan,0.0961981395258224
2021-07-01,Tibet,0.003552924992211878
2021-07-01,Xinjiang,0.02811087665026729
2021-07-01,Yunnan,0.04836650114744647
2021-08-01,Heilongjiang,0.016046380474958568
2021-08-01,Jilin,0.015699001781706634
2021-08-01,Liaoning,0.032467075910235364
2021-08-01,Guangdong,0.04018645820699461
2021-08-01,Guangxi,0.008190751090159638
2021-08-01,Hainan,0.0020702577514607012
2021-08-01,Henan,0.019984421933308284
2021-08-01,Hubei,0.015768954228579036
2021-08-01,Hunan,0.015083837778378212
2021-08-01,Anhui,0.03632906611232978
2021-08-01,Beijing,0.033910714098464655
2021-08-01,Fujian,0.04011502857484787
2021-08-01,Hebei,0.03312172831282854
2021-08-01,InnerMongolia,0.016516586034770794
2021-08-01,Jiangsu,0.09675913716607751
2021-08-01,Jiangxi,0.024619505178275495
2021-08-01,Shandong,0.06888504130913087
2021-08-01,Shanghai,0.03518008890049467
2021-08-01,Shanxi,0.017831211475327905
2021-08-01,Tianjin,0.013013053916637473
2021-08-01,Zhejiang,0.06023832504841885
2021-08-01,Chongqing,0.051163779050404104
2021-08-01,Gansu,0.018978749307568578
2021-08-01,Guizhou,0.035863888132948864
2021-08-01,Ningxia,0.008265679933803685
2021-08-01,Qinghai,0.00615917246712553
2021-08-01,Shaanxi,0.05434688868341995
2021-08-01,Sichuan,0.10000656425734449
2021-08-01,Tibet,0.0036935830909680446
2021-08-01,Xinjiang,0.029223768837032576
2021-08-01,Yunnan,0.0502813009559987
2021-09-01,Heilongjiang,0.016852875755924653
2021-09-01,Jilin,0.016488037718663452
2021-09-01,Liaoning,0.03409887964000701
2021-09-01,Guangdong,0.049090905876371306
2021-09-01,Guangxi,0.01000564391001312
2021-09-01,Hainan,0.0025289819743083536
2021-09-01,Henan,0.02441253645863648
2021-09-01,Hubei,0.0192630125256782
2021-09-01,Hunan,0.018426089127305454
2021-09-01,Anhui,0.03614144530124488
2021-09-01,Beijing,0.033735582823029436
2021-09-01,Fujian,0.03990785522845257
2021-09-01,Hebei,0.03295067174034819
2021-09-01,InnerMongolia,0.016431286422096587
2021-09-01,Jiangsu,0.09625942633566852
2021-09-01,Jiangxi,0.024492358184852247
2021-09-01,Shandong,0.06852928574739761
2021-09-01,Shanghai,0.03499840196163582
2021-09-01,Shanxi,0.01773912250311807
2021-09-01,Tianjin,0.012945848232819948
2021-09-01,Zhejiang,0.05992722529790406
2021-09-01,Chongqing,0.0478467190178587
2021-09-01,Gansu,0.01774831535674928
2021-09-01,Guizhou,0.033538753591571706
2021-09-01,Ningxia,0.007729797771479006
2021-09-01,Qinghai,0.005759859804858555
2021-09-01,Shaanxi,0.050823460670657815
2021-09-01,Sichuan,0.0935229193146318
2021-09-01,Tibet,0.0034541199966593604
2021-09-01,Xinjiang,0.02732912779587397
2021-09-01,Yunnan,0.04702145391418382
2021-10-01,Heilongjiang,0.01493058998344805
2021-10-01,Jilin,0.013281241945141254
2021-10-01,Liaoning,0.027679368873616765
2021-10-01,Guangdong,0.05060503061100985
2021-10-01,Guangxi,0.010066859368869512
2021-10-01,Hainan,0.0026347074347983
2021-10-01,Henan,0.023960819270912988
2021-10-01,Hubei,0.020349867935217644
2021-10-01,Hunan,0.01874270535161589
2021-10-01,Anhui,0.0373525123140852
2021-10-01,Beijing,0.03501391000148676
2021-10-01,Fujian,0.042440045944893076
2021-10-01,Hebei,0.035119744139821565
2021-10-01,InnerMongolia,0.01783685197409456
2021-10-01,Jiangsu,0.10117733190947019
2021-10-01,Jiangxi,0.02575396198005036
2021-10-01,Shandong,0.07225092816017421
2021-10-01,Shanghai,0.03757481443492043
2021-10-01,Shanxi,0.019641883983287273
2021-10-01,Tianjin,0.013646665238842616
2021-10-01,Zhejiang,0.06392110675015986
2021-10-01,Chongqing,0.04533203031333937
2021-10-01,Gansu,0.016646938642366077
2021-10-01,Guizhou,0.031830915198662525
2021-10-01,Ningxia,0.007349442425520515
2021-10-01,Qinghai,0.005438783388250633
2021-10-01,Shaanxi,0.04843113071286319
2021-10-01,Sichuan,0.0875157343644721
2021-10-01,Tibet,0.0033805930266379374
2021-10-01,Xinjiang,0.025975865304384477
2021-10-01,Yunnan,0.04411761901758688
2021-11-01,Heilongjiang,0.012659217593586585
2021-11-01,Jilin,0.0112607828547298
2021-11-01,Liaoning,0.023468540346544397
2021-11-01,Guangdong,0.04841959219146718
2021-11-01,Guangxi,0.00963211007688758
2021-11-01,Hainan,0.0025209244613914983
2021-11-01,Henan,0.022926042799757594
2021-11-01,Hubei,0.0194710346911455
2021-11-01,Hunan,0.017933279334735316
2021-11-01,Anhui,0.04111796100289536
2021-11-01,Beijing,0.03854360782734086
2021-11-01,Fujian,0.04671836098867073
2021-11-01,Hebei,0.038660110940604946
2021-11-01,InnerMongolia,0.01963495728796467
2021-11-01,Jiangsu,0.11137686142363791
2021-11-01,Jiangxi,0.028350178843698354
2021-11-01,Shandong,0.07953443188860898
2021-11-01,Shanghai,0.041362673054885425
2021-11-01,Shanxi,0.021621951767449164
2021-11-01,Tianjin,0.015022364343045956
2021-11-01,Zhejiang,0.07036489413387814
2021-11-01,Chongqing,0.04007914937649819
2021-11-01,Gansu,0.014717962903868913
2021-11-01,Guizhou,0.02814248548365677
2021-11-01,Ningxia,0.006497820608748094
2021-11-01,Qinghai,0.004808560532969795
2021-11-01,Shaanxi,0.04281913933474038
2021-11-01,Sichuan,0.07737478701357618
2021-11-01,Tibet,0.002988864428953239
2021-11-01,Xinjiang,0.022965893619193833
2021-11-01,Yunnan,0.03900545884486876
2021-12-01,Heilongjiang,0.015362844079131433
2021-12-01,Jilin,0.013665745922071409
2021-12-01,Liaoning,0.028480711658785723
2021-12-01,Guangdong,0.052316963146763415
2021-12-01,Guangxi,0.010407414129499849
2021-12-01,Hainan,0.0027238377312404425
2021-12-01,Henan,0.024771396907126538
2021-12-01,Hubei,0.021038289631558005
2021-12-01,Hunan,0.019376757869953718
2021-12-01,Anhui,0.036788269712587245
2021-12-01,Beijing,0.03448499404794314
2021-12-01,Fujian,0.04179895166640704
2021-12-01,Hebei,0.03458922946839148
2021-12-01,InnerMongolia,0.017567410612941405
2021-12-01,Jiangsu,0.0996489591861261
2021-12-01,Jiangxi,0.025364925698251897
2021-12-01,Shandong,0.07115951424608613
2021-12-01,Shanghai,0.03700721376406629
2021-12-01,Shanxi,0.019345176023622887
2021-12-01,Tianjin,0.013440520339367337
2021-12-01,Zhejiang,0.06295552212602366
2021-12-01,Chongqing,0.045573925179255736
2021-12-01,Gansu,0.016735767864507235
2021-12-01,Guizhou,0.03200076717552645
2021-12-01,Ningxia,0.007388659561346841
2021-12-01,Qinghai,0.005467805114596341
2021-12-01,Shaanxi,0.04868956259400749
2021-12-01,Sichuan,0.08798272440845073
2021-12-01,Tibet,0.0033986321060977373
2021-12-01,Xinjiang,0.026114474327881422
2021-12-01,Yunnan,0.04435303370038498
2022-01-01,Heilongjiang,0.017645359423788726
2022-01-01,Jilin,0.015271904719915349
2022-01-01,Liaoning,0.0368406550753479
2022-01-01,Guangdong,0.04754611133552533
2022-01-01,Guangxi,0.009867955390567054
2022-01-01,Hainan,0.0026592584703472415
2022-01-01,Henan,0.023738679203917416
2022-01-01,Hubei,0.018026013290476442
2022-01-01,Hunan,0.01844894139456632
2022-01-01,Anhui,0.03631867018315701
2022-01-01,Beijing,0.03303943580719679
2022-01-01,Fujian,0.04162381366127713
2022-01-01,Hebei,0.033553134558417526
2022-01-01,InnerMongolia,0.017824321796935026
2022-01-01,Jiangsu,0.0977805005343582
2022-01-01,Jiangxi,0.02569378233319526
2022-01-01,Shandong,0.06993964975975639
2022-01-01,Shanghai,0.035134277974907216
2022-01-01,Shanxi,0.019350115190831445
2022-01-01,Tianjin,0.012419604435430555
2022-01-01,Zhejiang,0.0627781921757799
2022-01-01,Chongqing,0.044550154815149144
2022-01-01,Gansu,0.0172624538614149
2022-01-01,Guizhou,0.03353091982038176
2022-01-01,Ningxia,0.007757840572710554
2022-01-01,Qinghai,0.005802591514865307
2022-01-01,Shaanxi,0.05059005006182131
2022-01-01,Sichuan,0.08870508193612699
2022-01-01,Tibet,0.0035984799166803565
2022-01-01,Xinjiang,0.027680561181097588
2022-01-01,Yunnan,0.04502148960405778
2022-02-01,Heilongjiang,0.01855096391517677
2022-02-01,Jilin,0.016055697510656705
2022-02-01,Liaoning,0.03873141070693533
2022-02-01,Guangdong,0.050097721891632606
2022-02-01,Guangxi,0.010397529280723518
2022-02-01,Hainan,0.002801970288280621
2022-02-01,Henan,0.025012639633978956
2022-02-01,Hubei,0.018993397678064478
2022-02-01,Hunan,0.019439022650195883
2022-02-01,Anhui,0.03562414431167617
2022-02-01,Beijing,0.032407619090573984
2022-02-01,Fujian,0.04082783695531114
2022-02-01,Hebei,0.03291149432482478
2022-02-01,InnerMongolia,0.01748346535678617
2022-02-01,Jiangsu,0.09591063341078293
2022-02-01,Jiangxi,0.02520243734515995
2022-02-01,Shandong,0.06860218624703707
2022-02-01,Shanghai,0.034462401364163654
2022-02-01,Shanxi,0.018980080838020826
2022-02-01,Tianjin,0.012182102991945299
2022-02-01,Zhejiang,0.06157767799365284
2022-02-01,Chongqing,0.04444690582350436
2022-02-01,Gansu,0.017222446571610834
2022-02-01,Guizhou,0.03345320889715958
2022-02-01,Ningxia,0.0077398610792655375
2022-02-01,Qinghai,0.0057891434870117045
2022-02-01,Shaanxi,0.05047280306957592
2022-02-01,Sichuan,0.08849949992857449
2022-02-01,Tibet,0.003590140115743797
2022-02-01,Xinjiang,0.027616408990337113
2022-02-01,Yunnan,0.044917148251637055
2022-03-01,Heilongjiang,0.011629030068996082
2022-03-01,Jilin,0.010064824123633858
2022-03-01,Liaoning,0.024279532955002018
2022-03-01,Guangdong,0.04686334455615936
2022-03-01,Guangxi,0.009726250592178834
2022-03-01,Hainan,0.002621071260283144
2022-03-01,Henan,0.023397789463595997
2022-03-01,Hubei,0.01776715798783572
2022-03-01,Hunan,0.018184012803250216
2022-03-01,Anhui,0.034021619517482046
2022-03-01,Beijing,0.03094978721511693
2022-03-01,Fujian,0.03899122804081276
2022-03-01,Hebei,0.03143099600862454
2022-03-01,InnerMongolia,0.016696985084374383
2022-03-01,Jiangsu,0.09159616716780665
2022-03-01,Jiangxi,0.024068725041324904
2022-03-01,Shandong,0.06551616954345081
2022-03-01,Shanghai,0.03291213668495169
2022-03-01,Shanxi,0.018126276466675743
2022-03-01,Tianjin,0.0116341004372953
2022-03-01,Zhejiang,0.05880765340329694
2022-03-01,Chongqing,0.052267914292475674
2022-03-01,Gansu,0.02025295899980655
2022-03-01,Guizhou,0.03933973407256544
2022-03-01,Ningxia,0.009101789832865885
2022-03-01,Qinghai,0.006807818227156729
2022-03-01,Shaanxi,0.0593541461675048
2022-03-01,Sichuan,0.10407213261507936
2022-03-01,Tibet,0.004221871745421772
2022-03-01,Xinjiang,0.03247587366159402
2022-03-01,Yunnan,0.05282090196338185
2022-04-01,Heilongjiang,0.008504944987987498
2022-04-01,Jilin,0.007576570724796713
2022-04-01,Liaoning,0.017518484287215783
2022-04-01,Guangdong,0.03740383192925262
2022-04-01,Guangxi,0.007726160075750765
2022-04-01,Hainan,0.0019762159235773838
2022-04-01,Henan,0.01932910128193822
2022-04-01,Hubei,0.015398568734951958
2022-04-01,Hunan,0.014412275900682904
2022-04-01,Anhui,0.03310043474623181
2022-04-01,Beijing,0.02943244985873248
2022-04-01,Fujian,0.03742188000118418
2022-04-01,Hebei,0.030149561466806755
2022-04-01,InnerMongolia,0.015916275487538052
2022-04-01,Jiangsu,0.08655215138496261
2022-04-01,Jiangxi,0.02301561942005951
2022-04-01,Shandong,0.06344721414836825
2022-04-01,Shanghai,0.029428039297634278
2022-04-01,Shanxi,0.017595001352020252
2022-04-01,Tianjin,0.011590019070869107
2022-04-01,Zhejiang,0.05508981530405427
2022-04-01,Chongqing,0.06107872777989044
2022-04-01,Gansu,0.023665767130458485
2022-04-01,Guizhou,0.044438021952997474
2022-04-01,Ningxia,0.010634657147161974
2022-04-01,Qinghai,0.0076328293710920935
2022-04-01,Shaanxi,0.06894748720276893
2022-04-01,Sichuan,0.11832949111791527
2022-04-01,Tibet,0.004399499725897778
2022-04-01,Xinjiang,0.037424987313497776
2022-04-01,Yunnan,0.06086391587370433
2022-05-01,Heilongjiang,0.015939121074360865
2022-05-01,Jilin,0.014199254466849746
2022-05-01,Liaoning,0.03283139896702542
2022-05-01,Guangdong,0.041485426070433706
2022-05-01,Guangxi,0.008569256840773623
2022-05-01,Hainan,0.002191865254657655
2022-05-01,Henan,0.021438338289950603
2022-05-01,Hubei,0.0170788967839613
2022-05-01,Hunan,0.015984977355137552
2022-05-01,Anhui,0.033309446323041954
2022-05-01,Beijing,0.029618300068904105
2022-05-01,Fujian,0.03765817919804407
2022-05-01,Hebei,0.030339939853997848
2022-05-01,InnerMongolia,0.01601677827132622
2022-05-01,Jiangsu,0.08709868202046553
2022-05-01,Jiangxi,0.023160950771237504
2022-05-01,Shandong,0.06384784943835854
2022-05-01,Shanghai,0.029613861657466867
2022-05-01,Shanxi,0.017706104393559033
2022-05-01,Tianjin,0.01166320385468944
2022-05-01,Zhejiang,0.0554376780814213
2022-05-01,Chongqing,0.05512957099910723
2022-05-01,Gansu,0.02136068704588348
2022-05-01,Guizhou,0.04010969408443128
2022-05-01,Ningxia,0.009598826097989836
2022-05-01,Qinghai,0.006889380706391121
2022-05-01,Shaanxi,0.062231901827636674
2022-05-01,Sichuan,0.10680402685173675
2022-05-01,Tibet,0.003970982063894413
2022-05-01,Xinjiang,0.03377973920274513
2022-05-01,Yunnan,0.05493568208452117
2022-06-01,Heilongjiang,0.01668487331097464
2022-06-01,Jilin,0.014863602628050095
2022-06-01,Liaoning,0.03436749930132821
2022-06-01,Guangdong,0.04984297421398675
2022-06-01,Guangxi,0.010295597471327694
2022-06-01,Hainan,0.0026334328393530916
2022-06-01,Henan,0.025757251251621573
2022-06-01,Hubei,0.020519567776911704
2022-06-01,Hunan,0.019205270129577186
2022-06-01,Anhui,0.033498856854261606
2022-06-01,Beijing,0.029786721299790594
2022-06-01,Fujian,0.037872318324149334
2022-06-01,Hebei,0.030512464610764598
2022-06-01,InnerMongolia,0.01610785593294141
2022-06-01,Jiangsu,0.08759395917007747
2022-06-01,Jiangxi,0.023292652990079175
2022-06-01,Shandong,0.06421091326602073
2022-06-01,Shanghai,0.029782257649811114
2022-06-01,Shanxi,0.017806788223800146
2022-06-01,Tianjin,0.011729525390520903
2022-06-01,Zhejiang,0.055752918387523956
2022-06-01,Chongqing,0.051369494572105386
2022-06-01,Gansu,0.01990379532025966
2022-06-01,Guizhou,0.037374038564391636
2022-06-01,Ningxia,0.008944144425634246
2022-06-01,Qinghai,0.006419494989501322
2022-06-01,Shaanxi,0.05798741555957956
2022-06-01,Sichuan,0.0995195278724033
2022-06-01,Tibet,0.003700143822640217
2022-06-01,Xinjiang,0.03147581412615476
2022-06-01,Yunnan,0.05118882972445798
2022-07-01,Heilongjiang,0.017527784201731286
2022-07-01,Jilin,0.01579627289337262
2022-07-01,Liaoning,0.03482615152798371
2022-07-01,Guangdong,0.049859960229180045
2022-07-01,Guangxi,0.010255421319447795
2022-07-01,Hainan,0.0025978298783865704
2022-07-01,Henan,0.025561363124371562
2022-07-01,Hubei,0.020275466966717032
2022-07-01,Hunan,0.01920676356832657
2022-07-01,Anhui,0.03327604528035517
2022-07-01,Beijing,0.02954689288965104
2022-07-01,Fujian,0.037315219871398506
2022-07-01,Hebei,0.03020346856871333
2022-07-01,InnerMongolia,0.016003661927700117
2022-07-01,Jiangsu,0.0875299303397124
2022-07-01,Jiangxi,0.022919921524438922
2022-07-01,Shandong,0.0635930570116131
2022-07-01,Shanghai,0.030564832025159624
2022-07-01,Shanxi,0.017797643895904887
2022-07-01,Tianjin,0.011745299666353296
2022-07-01,Zhejiang,0.055043750537928406
2022-07-01,Chongqing,0.051495528510881655
2022-07-01,Gansu,0.02007917799963535
2022-07-01,Guizhou,0.03647074723813629
2022-07-01,Ningxia,0.008895243921798083
2022-07-01,Qinghai,0.0063371507128342
2022-07-01,Shaanxi,0.05808725275079148
2022-07-01,Sichuan,0.09993370310921419
2022-07-01,Tibet,0.0036109895442475687
2022-07-01,Xinjiang,0.032189957443039235
2022-07-01,Yunnan,0.051453511520975964
2022-08-01,Heilongjiang,0.019974274166643213
2022-08-01,Jilin,0.01800108227896679
2022-08-01,Liaoning,0.039687109949716144
2022-08-01,Guangdong,0.04902510700992932
2022-08-01,Guangxi,0.010083704946952522
2022-08-01,Hainan,0.002554331916754273
2022-08-01,Henan,0.025133364662384635
2022-08-01,Hubei,0.01993597534275322
2022-08-01,Hunan,0.01888516627216546
2022-08-01,Anhui,0.03607180350052796
2022-08-01,Beijing,0.032029338384025156
2022-08-01,Fujian,0.040450337996586476
2022-08-01,Hebei,0.032741077675122424
2022-08-01,InnerMongolia,0.017348243863752718
2022-08-01,Jiangsu,0.09488394492277559
2022-08-01,Jiangxi,0.024845587824859988
2022-08-01,Shandong,0.06893596391020103
2022-08-01,Shanghai,0.03313280185638798
2022-08-01,Shanxi,0.01929295106965306
2022-08-01,Tianjin,0.01273210617577903
2022-08-01,Zhejiang,0.05966836914086088
2022-08-01,Chongqing,0.0453524610764121
2022-08-01,Gansu,0.017683868192213674
2022-08-01,Guizhou,0.032120034348141924
2022-08-01,Ningxia,0.007834101627742123
2022-08-01,Qinghai,0.005581171595868521
2022-08-01,Shaanxi,0.051157837303471905
2022-08-01,Sichuan,0.08801228983453663
2022-08-01,Tibet,0.003180222972528826
2022-08-01,Xinjiang,0.028349913753740876
2022-08-01,Yunnan,0.04531545642854558
2022-09-01,Heilongjiang,0.016618210473157896
2022-09-01,Jilin,0.014976552918056595
2022-09-01,Liaoning,0.03301890925864763
2022-09-01,Guangdong,0.052416483496234005
2022-09-01,Guangxi,0.010781258546274656
2022-09-01,Hainan,0.0027310311985925258
2022-09-01,Henan,0.026871998336768434
2022-09-01,Hubei,0.021315072750848006
2022-09-01,Hunan,0.02019157257582543
2022-09-01,Anhui,0.040087966477459616
2022-09-01,Beijing,0.03559542132167631
2022-09-01,Fujian,0.04495399831021302
2022-09-01,Hebei,0.036386404252202104
2022-09-01,InnerMongolia,0.019279762888560162
2022-09-01,Jiangsu,0.10544813494722215
2022-09-01,Jiangxi,0.027611846239437077
2022-09-01,Shandong,0.07661115725148196
2022-09-01,Shanghai,0.03682174222599523
2022-09-01,Shanxi,0.0214409899333201
2022-09-01,Tianjin,0.014149673596292902
2022-09-01,Zhejiang,0.06631172688242512
2022-09-01,Chongqing,0.0386167754922061
2022-09-01,Gansu,0.015057484237997715
2022-09-01,Guizhou,0.0273496107109668
2022-09-01,Ningxia,0.006670591552505389
2022-09-01,Qinghai,0.004752263612287807
2022-09-01,Shaanxi,0.043559945170042136
2022-09-01,Sichuan,0.07494082474088647
2022-09-01,Tibet,0.0027079005996694565
2022-09-01,Xinjiang,0.024139423278641336
2022-09-01,Yunnan,0.03858526672410591
