指标代码,指标,单位,省市代码,省市名称,时间,值
A02021I01,程控交换机产量_当月值,万线,110000,北京市,202112,0.0
A02021I01,程控交换机产量_当月值,万线,110000,北京市,202111,0.0001
A02021I01,程控交换机产量_当月值,万线,110000,北京市,202110,0.0
A02021I01,程控交换机产量_当月值,万线,110000,北京市,202109,0.0
A02021I01,程控交换机产量_当月值,万线,110000,北京市,202108,0.0001
A02021I01,程控交换机产量_当月值,万线,110000,北京市,202107,0.0001
A02021I01,程控交换机产量_当月值,万线,110000,北京市,202106,0.0
A02021I01,程控交换机产量_当月值,万线,110000,北京市,202105,0.0001
A02021I01,程控交换机产量_当月值,万线,110000,北京市,202104,0.0002
A02021I01,程控交换机产量_当月值,万线,110000,北京市,202103,0.0002
A02021I01,程控交换机产量_当月值,万线,110000,北京市,202012,0.0009
A02021I01,程控交换机产量_当月值,万线,110000,北京市,202011,0.0002
A02021I01,程控交换机产量_当月值,万线,110000,北京市,202010,0.0001
A02021I01,程控交换机产量_当月值,万线,110000,北京市,202009,0.0001
A02021I01,程控交换机产量_当月值,万线,110000,北京市,202008,0.0001
A02021I01,程控交换机产量_当月值,万线,110000,北京市,202007,0.0007
A02021I01,程控交换机产量_当月值,万线,110000,北京市,202006,0.0001
A02021I01,程控交换机产量_当月值,万线,110000,北京市,202005,0.001
A02021I01,程控交换机产量_当月值,万线,110000,北京市,202004,0.0002
A02021I01,程控交换机产量_当月值,万线,110000,北京市,202003,0.0
A02021I01,程控交换机产量_当月值,万线,110000,北京市,201912,0.0022
A02021I01,程控交换机产量_当月值,万线,110000,北京市,201911,0.0011
A02021I01,程控交换机产量_当月值,万线,110000,北京市,201910,0.001
A02021I01,程控交换机产量_当月值,万线,110000,北京市,201909,0.0013
A02021I01,程控交换机产量_当月值,万线,110000,北京市,201908,0.0029
A02021I01,程控交换机产量_当月值,万线,110000,北京市,201907,0.0017
A02021I01,程控交换机产量_当月值,万线,110000,北京市,201906,0.0015
A02021I01,程控交换机产量_当月值,万线,110000,北京市,201905,0.003
A02021I01,程控交换机产量_当月值,万线,110000,北京市,201904,0.0028
A02021I01,程控交换机产量_当月值,万线,110000,北京市,201903,0.0018
A02021I01,程控交换机产量_当月值,万线,110000,北京市,201812,0.0
A02021I01,程控交换机产量_当月值,万线,110000,北京市,201811,0.0
A02021I01,程控交换机产量_当月值,万线,110000,北京市,201810,0.0
A02021I01,程控交换机产量_当月值,万线,110000,北京市,201809,0.0
A02021I01,程控交换机产量_当月值,万线,110000,北京市,201808,0.0
A02021I01,程控交换机产量_当月值,万线,110000,北京市,201807,0.0
A02021I01,程控交换机产量_当月值,万线,110000,北京市,201806,0.0
A02021I01,程控交换机产量_当月值,万线,110000,北京市,201805,0.0
A02021I01,程控交换机产量_当月值,万线,110000,北京市,201804,0.0
A02021I01,程控交换机产量_当月值,万线,110000,北京市,201803,0.0
A02021I01,程控交换机产量_当月值,万线,110000,北京市,201712,0.0
A02021I01,程控交换机产量_当月值,万线,110000,北京市,201711,0.0
A02021I01,程控交换机产量_当月值,万线,110000,北京市,201710,0.0
A02021I01,程控交换机产量_当月值,万线,110000,北京市,201709,0.0
A02021I01,程控交换机产量_当月值,万线,110000,北京市,201708,0.0
A02021I01,程控交换机产量_当月值,万线,110000,北京市,201707,0.0
A02021I01,程控交换机产量_当月值,万线,110000,北京市,201706,0.0
A02021I01,程控交换机产量_当月值,万线,110000,北京市,201705,0.0
A02021I01,程控交换机产量_当月值,万线,110000,北京市,201704,0.0
A02021I01,程控交换机产量_当月值,万线,110000,北京市,201703,0.0
A02021I01,程控交换机产量_当月值,万线,110000,北京市,201612,0.0
A02021I01,程控交换机产量_当月值,万线,110000,北京市,201611,0.0
A02021I01,程控交换机产量_当月值,万线,110000,北京市,201610,0.0
A02021I01,程控交换机产量_当月值,万线,110000,北京市,201609,0.0
A02021I01,程控交换机产量_当月值,万线,110000,北京市,201608,0.0
A02021I01,程控交换机产量_当月值,万线,110000,北京市,201607,0.0
A02021I01,程控交换机产量_当月值,万线,110000,北京市,201606,0.0
A02021I01,程控交换机产量_当月值,万线,110000,北京市,201605,0.0
A02021I01,程控交换机产量_当月值,万线,110000,北京市,201510,0.0
A02021I01,程控交换机产量_当月值,万线,110000,北京市,201509,0.0
A02021I01,程控交换机产量_当月值,万线,110000,北京市,201508,0.23
A02021I01,程控交换机产量_当月值,万线,110000,北京市,201507,19.0367
A02021I01,程控交换机产量_当月值,万线,110000,北京市,201506,21.1862
A02021I01,程控交换机产量_当月值,万线,110000,北京市,201505,35.0116
A02021I01,程控交换机产量_当月值,万线,110000,北京市,201504,47.0465
A02021I01,程控交换机产量_当月值,万线,110000,北京市,201503,51.5821
A02021I03,程控交换机产量_累计值,万线,110000,北京市,202202,0.0001
A02021I03,程控交换机产量_累计值,万线,110000,北京市,202112,0.0011
A02021I03,程控交换机产量_累计值,万线,110000,北京市,202111,0.0011
A02021I03,程控交换机产量_累计值,万线,110000,北京市,202110,0.001
A02021I03,程控交换机产量_累计值,万线,110000,北京市,202109,0.001
A02021I03,程控交换机产量_累计值,万线,110000,北京市,202108,0.001
A02021I03,程控交换机产量_累计值,万线,110000,北京市,202107,0.0009
A02021I03,程控交换机产量_累计值,万线,110000,北京市,202106,0.0008
A02021I03,程控交换机产量_累计值,万线,110000,北京市,202105,0.0008
A02021I03,程控交换机产量_累计值,万线,110000,北京市,202104,0.0007
A02021I03,程控交换机产量_累计值,万线,110000,北京市,202103,0.0005
A02021I03,程控交换机产量_累计值,万线,110000,北京市,202102,0.0003
A02021I03,程控交换机产量_累计值,万线,110000,北京市,202012,0.0057
A02021I03,程控交换机产量_累计值,万线,110000,北京市,202011,0.0048
A02021I03,程控交换机产量_累计值,万线,110000,北京市,202010,0.0046
A02021I03,程控交换机产量_累计值,万线,110000,北京市,202009,0.0045
A02021I03,程控交换机产量_累计值,万线,110000,北京市,202008,0.0044
A02021I03,程控交换机产量_累计值,万线,110000,北京市,202007,0.0043
A02021I03,程控交换机产量_累计值,万线,110000,北京市,202006,0.0036
A02021I03,程控交换机产量_累计值,万线,110000,北京市,202005,0.0035
A02021I03,程控交换机产量_累计值,万线,110000,北京市,202004,0.0025
A02021I03,程控交换机产量_累计值,万线,110000,北京市,202003,0.0023
A02021I03,程控交换机产量_累计值,万线,110000,北京市,202002,0.0023
A02021I03,程控交换机产量_累计值,万线,110000,北京市,201912,0.0257
A02021I03,程控交换机产量_累计值,万线,110000,北京市,201911,0.0235
A02021I03,程控交换机产量_累计值,万线,110000,北京市,201910,0.0224
A02021I03,程控交换机产量_累计值,万线,110000,北京市,201909,0.0214
A02021I03,程控交换机产量_累计值,万线,110000,北京市,201908,0.0201
A02021I03,程控交换机产量_累计值,万线,110000,北京市,201907,0.0172
A02021I03,程控交换机产量_累计值,万线,110000,北京市,201906,0.0147
A02021I03,程控交换机产量_累计值,万线,110000,北京市,201905,0.0132
A02021I03,程控交换机产量_累计值,万线,110000,北京市,201904,0.0102
A02021I03,程控交换机产量_累计值,万线,110000,北京市,201903,0.0074
A02021I03,程控交换机产量_累计值,万线,110000,北京市,201902,0.0056
A02021I03,程控交换机产量_累计值,万线,110000,北京市,201812,0.0
A02021I03,程控交换机产量_累计值,万线,110000,北京市,201811,0.0
A02021I03,程控交换机产量_累计值,万线,110000,北京市,201810,0.0
A02021I03,程控交换机产量_累计值,万线,110000,北京市,201809,0.0
A02021I03,程控交换机产量_累计值,万线,110000,北京市,201808,0.0
A02021I03,程控交换机产量_累计值,万线,110000,北京市,201807,0.0
A02021I03,程控交换机产量_累计值,万线,110000,北京市,201806,0.0
A02021I03,程控交换机产量_累计值,万线,110000,北京市,201805,0.0
A02021I03,程控交换机产量_累计值,万线,110000,北京市,201804,0.0
A02021I03,程控交换机产量_累计值,万线,110000,北京市,201803,0.0
A02021I03,程控交换机产量_累计值,万线,110000,北京市,201802,0.0
A02021I03,程控交换机产量_累计值,万线,110000,北京市,201712,0.0
A02021I03,程控交换机产量_累计值,万线,110000,北京市,201711,0.0
A02021I03,程控交换机产量_累计值,万线,110000,北京市,201710,0.0
A02021I03,程控交换机产量_累计值,万线,110000,北京市,201709,0.0
A02021I03,程控交换机产量_累计值,万线,110000,北京市,201708,0.0
A02021I03,程控交换机产量_累计值,万线,110000,北京市,201707,0.0
A02021I03,程控交换机产量_累计值,万线,110000,北京市,201706,0.0
A02021I03,程控交换机产量_累计值,万线,110000,北京市,201705,0.0
A02021I03,程控交换机产量_累计值,万线,110000,北京市,201704,0.0
A02021I03,程控交换机产量_累计值,万线,110000,北京市,201703,0.0
A02021I03,程控交换机产量_累计值,万线,110000,北京市,201702,0.0
A02021I03,程控交换机产量_累计值,万线,110000,北京市,201612,0.0
A02021I03,程控交换机产量_累计值,万线,110000,北京市,201611,0.0
A02021I03,程控交换机产量_累计值,万线,110000,北京市,201610,0.0
A02021I03,程控交换机产量_累计值,万线,110000,北京市,201609,0.0
A02021I03,程控交换机产量_累计值,万线,110000,北京市,201608,0.0
A02021I03,程控交换机产量_累计值,万线,110000,北京市,201607,0.0
A02021I03,程控交换机产量_累计值,万线,110000,北京市,201606,0.0
A02021I03,程控交换机产量_累计值,万线,110000,北京市,201605,0.0
A02021I03,程控交换机产量_累计值,万线,110000,北京市,201512,266.4692
A02021I03,程控交换机产量_累计值,万线,110000,北京市,201511,266.4692
A02021I03,程控交换机产量_累计值,万线,110000,北京市,201510,266.4692
A02021I03,程控交换机产量_累计值,万线,110000,北京市,201509,266.4692
A02021I03,程控交换机产量_累计值,万线,110000,北京市,201508,266.4692
A02021I03,程控交换机产量_累计值,万线,110000,北京市,201507,266.2392
A02021I03,程控交换机产量_累计值,万线,110000,北京市,201506,247.2024
A02021I03,程控交换机产量_累计值,万线,110000,北京市,201505,223.0252
A02021I03,程控交换机产量_累计值,万线,110000,北京市,201504,188.0136
A02021I03,程控交换机产量_累计值,万线,110000,北京市,201503,140.9671
A02021I03,程控交换机产量_累计值,万线,110000,北京市,201502,100.7835
A02021I01,程控交换机产量_当月值,万线,120000,天津市,201612,0.0
A02021I01,程控交换机产量_当月值,万线,120000,天津市,201611,0.0
A02021I01,程控交换机产量_当月值,万线,120000,天津市,201610,0.0
A02021I01,程控交换机产量_当月值,万线,120000,天津市,201609,0.0
A02021I01,程控交换机产量_当月值,万线,120000,天津市,201608,0.0
A02021I01,程控交换机产量_当月值,万线,120000,天津市,201607,0.0
A02021I01,程控交换机产量_当月值,万线,120000,天津市,201606,0.0
A02021I01,程控交换机产量_当月值,万线,120000,天津市,201605,0.0
A02021I03,程控交换机产量_累计值,万线,120000,天津市,202102,0.0
A02021I03,程控交换机产量_累计值,万线,120000,天津市,201612,0.0
A02021I03,程控交换机产量_累计值,万线,120000,天津市,201611,0.0
A02021I03,程控交换机产量_累计值,万线,120000,天津市,201610,0.0
A02021I03,程控交换机产量_累计值,万线,120000,天津市,201609,0.0
A02021I03,程控交换机产量_累计值,万线,120000,天津市,201608,0.0
A02021I03,程控交换机产量_累计值,万线,120000,天津市,201607,0.0
A02021I03,程控交换机产量_累计值,万线,120000,天津市,201606,0.0
A02021I03,程控交换机产量_累计值,万线,120000,天津市,201605,0.0
A02021I01,程控交换机产量_当月值,万线,130000,河北省,202112,2.246
A02021I01,程控交换机产量_当月值,万线,130000,河北省,202111,2.756
A02021I01,程控交换机产量_当月值,万线,130000,河北省,202110,5.1581
A02021I01,程控交换机产量_当月值,万线,130000,河北省,202109,7.1045
A02021I01,程控交换机产量_当月值,万线,130000,河北省,202108,2.9695
A02021I01,程控交换机产量_当月值,万线,130000,河北省,202107,2.7749
A02021I01,程控交换机产量_当月值,万线,130000,河北省,202106,4.0015
A02021I01,程控交换机产量_当月值,万线,130000,河北省,202105,2.2602
A02021I01,程控交换机产量_当月值,万线,130000,河北省,202104,4.306
A02021I01,程控交换机产量_当月值,万线,130000,河北省,202103,3.6392
A02021I01,程控交换机产量_当月值,万线,130000,河北省,202012,3.6145
A02021I01,程控交换机产量_当月值,万线,130000,河北省,202011,3.8423
A02021I01,程控交换机产量_当月值,万线,130000,河北省,202010,1.8865
A02021I01,程控交换机产量_当月值,万线,130000,河北省,202009,5.4894
A02021I01,程控交换机产量_当月值,万线,130000,河北省,202008,5.2857
A02021I01,程控交换机产量_当月值,万线,130000,河北省,202007,5.8943
A02021I01,程控交换机产量_当月值,万线,130000,河北省,202006,3.1943
A02021I01,程控交换机产量_当月值,万线,130000,河北省,202005,1.9856
A02021I01,程控交换机产量_当月值,万线,130000,河北省,202004,10.4843
A02021I01,程控交换机产量_当月值,万线,130000,河北省,202003,0.8843
A02021I01,程控交换机产量_当月值,万线,130000,河北省,201912,3.9402
A02021I01,程控交换机产量_当月值,万线,130000,河北省,201911,4.7339
A02021I01,程控交换机产量_当月值,万线,130000,河北省,201910,4.6326
A02021I01,程控交换机产量_当月值,万线,130000,河北省,201909,4.0286
A02021I01,程控交换机产量_当月值,万线,130000,河北省,201908,1.4245
A02021I01,程控交换机产量_当月值,万线,130000,河北省,201907,5.2236
A02021I01,程控交换机产量_当月值,万线,130000,河北省,201904,8.6272
A02021I01,程控交换机产量_当月值,万线,130000,河北省,201903,0.0
A02021I01,程控交换机产量_当月值,万线,130000,河北省,201812,6.0013
A02021I01,程控交换机产量_当月值,万线,130000,河北省,201811,1.3665
A02021I01,程控交换机产量_当月值,万线,130000,河北省,201810,1.4952
A02021I01,程控交换机产量_当月值,万线,130000,河北省,201809,1.4851
A02021I01,程控交换机产量_当月值,万线,130000,河北省,201808,2.0037
A02021I01,程控交换机产量_当月值,万线,130000,河北省,201807,1.4577
A02021I01,程控交换机产量_当月值,万线,130000,河北省,201806,3.0625
A02021I01,程控交换机产量_当月值,万线,130000,河北省,201805,0.7599
A02021I01,程控交换机产量_当月值,万线,130000,河北省,201804,1.3868
A02021I01,程控交换机产量_当月值,万线,130000,河北省,201803,2.3557
A02021I01,程控交换机产量_当月值,万线,130000,河北省,201712,0.6216
A02021I01,程控交换机产量_当月值,万线,130000,河北省,201711,1.1508
A02021I01,程控交换机产量_当月值,万线,130000,河北省,201710,0.9536
A02021I01,程控交换机产量_当月值,万线,130000,河北省,201709,1.8265
A02021I01,程控交换机产量_当月值,万线,130000,河北省,201708,1.6015
A02021I01,程控交换机产量_当月值,万线,130000,河北省,201707,1.5812
A02021I01,程控交换机产量_当月值,万线,130000,河北省,201706,1.0956
A02021I01,程控交换机产量_当月值,万线,130000,河北省,201705,0.6347
A02021I01,程控交换机产量_当月值,万线,130000,河北省,201704,1.0982
A02021I01,程控交换机产量_当月值,万线,130000,河北省,201703,2.3659
A02021I01,程控交换机产量_当月值,万线,130000,河北省,201612,0.6146
A02021I01,程控交换机产量_当月值,万线,130000,河北省,201611,0.9013
A02021I01,程控交换机产量_当月值,万线,130000,河北省,201610,0.8736
A02021I01,程控交换机产量_当月值,万线,130000,河北省,201609,0.5216
A02021I01,程控交换机产量_当月值,万线,130000,河北省,201608,0.6485
A02021I01,程控交换机产量_当月值,万线,130000,河北省,201607,1.6744
A02021I01,程控交换机产量_当月值,万线,130000,河北省,201606,1.2784
A02021I01,程控交换机产量_当月值,万线,130000,河北省,201605,0.6524
A02021I01,程控交换机产量_当月值,万线,130000,河北省,201604,1.1028
A02021I01,程控交换机产量_当月值,万线,130000,河北省,201603,2.1313
A02021I01,程控交换机产量_当月值,万线,130000,河北省,201512,0.8577
A02021I01,程控交换机产量_当月值,万线,130000,河北省,201511,0.8926
A02021I01,程控交换机产量_当月值,万线,130000,河北省,201510,0.7525
A02021I01,程控交换机产量_当月值,万线,130000,河北省,201509,0.5155
A02021I01,程控交换机产量_当月值,万线,130000,河北省,201508,0.6255
A02021I01,程控交换机产量_当月值,万线,130000,河北省,201507,1.6358
A02021I01,程控交换机产量_当月值,万线,130000,河北省,201506,1.5837
A02021I01,程控交换机产量_当月值,万线,130000,河北省,201505,0.5534
A02021I01,程控交换机产量_当月值,万线,130000,河北省,201504,1.0612
A02021I01,程控交换机产量_当月值,万线,130000,河北省,201503,1.9897
A02021I03,程控交换机产量_累计值,万线,130000,河北省,202202,1.8324
A02021I03,程控交换机产量_累计值,万线,130000,河北省,202112,40.1927
A02021I03,程控交换机产量_累计值,万线,130000,河北省,202111,37.9467
A02021I03,程控交换机产量_累计值,万线,130000,河北省,202110,35.1907
A02021I03,程控交换机产量_累计值,万线,130000,河北省,202109,30.0326
A02021I03,程控交换机产量_累计值,万线,130000,河北省,202108,22.9281
A02021I03,程控交换机产量_累计值,万线,130000,河北省,202107,19.9584
A02021I03,程控交换机产量_累计值,万线,130000,河北省,202106,17.1696
A02021I03,程控交换机产量_累计值,万线,130000,河北省,202105,13.1681
A02021I03,程控交换机产量_累计值,万线,130000,河北省,202104,10.9079
A02021I03,程控交换机产量_累计值,万线,130000,河北省,202103,6.6019
A02021I03,程控交换机产量_累计值,万线,130000,河北省,202102,2.9627
A02021I03,程控交换机产量_累计值,万线,130000,河北省,202012,49.3855
A02021I03,程控交换机产量_累计值,万线,130000,河北省,202011,45.771
A02021I03,程控交换机产量_累计值,万线,130000,河北省,202010,41.9287
A02021I03,程控交换机产量_累计值,万线,130000,河北省,202009,40.0422
A02021I03,程控交换机产量_累计值,万线,130000,河北省,202008,34.5528
A02021I03,程控交换机产量_累计值,万线,130000,河北省,202007,29.2671
A02021I03,程控交换机产量_累计值,万线,130000,河北省,202006,23.3728
A02021I03,程控交换机产量_累计值,万线,130000,河北省,202005,20.1785
A02021I03,程控交换机产量_累计值,万线,130000,河北省,202004,18.1929
A02021I03,程控交换机产量_累计值,万线,130000,河北省,202003,7.7086
A02021I03,程控交换机产量_累计值,万线,130000,河北省,202002,6.8243
A02021I03,程控交换机产量_累计值,万线,130000,河北省,201912,38.4134
A02021I03,程控交换机产量_累计值,万线,130000,河北省,201911,34.4732
A02021I03,程控交换机产量_累计值,万线,130000,河北省,201910,29.7393
A02021I03,程控交换机产量_累计值,万线,130000,河北省,201909,25.1067
A02021I03,程控交换机产量_累计值,万线,130000,河北省,201908,21.0781
A02021I03,程控交换机产量_累计值,万线,130000,河北省,201907,19.6536
A02021I03,程控交换机产量_累计值,万线,130000,河北省,201904,8.6272
A02021I03,程控交换机产量_累计值,万线,130000,河北省,201903,0.0
A02021I03,程控交换机产量_累计值,万线,130000,河北省,201902,0.0
A02021I03,程控交换机产量_累计值,万线,130000,河北省,201812,25.0356
A02021I03,程控交换机产量_累计值,万线,130000,河北省,201811,19.0343
A02021I03,程控交换机产量_累计值,万线,130000,河北省,201810,17.6678
A02021I03,程控交换机产量_累计值,万线,130000,河北省,201809,16.1726
A02021I03,程控交换机产量_累计值,万线,130000,河北省,201808,14.6875
A02021I03,程控交换机产量_累计值,万线,130000,河北省,201807,12.6838
A02021I03,程控交换机产量_累计值,万线,130000,河北省,201806,11.2261
A02021I03,程控交换机产量_累计值,万线,130000,河北省,201805,8.1636
A02021I03,程控交换机产量_累计值,万线,130000,河北省,201804,7.4037
A02021I03,程控交换机产量_累计值,万线,130000,河北省,201803,6.0169
A02021I03,程控交换机产量_累计值,万线,130000,河北省,201802,3.6612
A02021I03,程控交换机产量_累计值,万线,130000,河北省,201712,16.1051
A02021I03,程控交换机产量_累计值,万线,130000,河北省,201711,15.4835
A02021I03,程控交换机产量_累计值,万线,130000,河北省,201710,14.3327
A02021I03,程控交换机产量_累计值,万线,130000,河北省,201709,13.3791
A02021I03,程控交换机产量_累计值,万线,130000,河北省,201708,11.5526
A02021I03,程控交换机产量_累计值,万线,130000,河北省,201707,9.9511
A02021I03,程控交换机产量_累计值,万线,130000,河北省,201706,8.3699
A02021I03,程控交换机产量_累计值,万线,130000,河北省,201705,7.2743
A02021I03,程控交换机产量_累计值,万线,130000,河北省,201704,6.6396
A02021I03,程控交换机产量_累计值,万线,130000,河北省,201703,5.5414
A02021I03,程控交换机产量_累计值,万线,130000,河北省,201702,3.1755
A02021I03,程控交换机产量_累计值,万线,130000,河北省,201612,13.5038
A02021I03,程控交换机产量_累计值,万线,130000,河北省,201611,12.8892
A02021I03,程控交换机产量_累计值,万线,130000,河北省,201610,11.9879
A02021I03,程控交换机产量_累计值,万线,130000,河北省,201609,11.1143
A02021I03,程控交换机产量_累计值,万线,130000,河北省,201608,10.5927
A02021I03,程控交换机产量_累计值,万线,130000,河北省,201607,9.9442
A02021I03,程控交换机产量_累计值,万线,130000,河北省,201606,8.2698
A02021I03,程控交换机产量_累计值,万线,130000,河北省,201605,6.9914
A02021I03,程控交换机产量_累计值,万线,130000,河北省,201604,6.339
A02021I03,程控交换机产量_累计值,万线,130000,河北省,201603,5.2362
A02021I03,程控交换机产量_累计值,万线,130000,河北省,201602,3.1049
A02021I03,程控交换机产量_累计值,万线,130000,河北省,201512,13.3857
A02021I03,程控交换机产量_累计值,万线,130000,河北省,201511,12.528
A02021I03,程控交换机产量_累计值,万线,130000,河北省,201510,11.6354
A02021I03,程控交换机产量_累计值,万线,130000,河北省,201509,10.8829
A02021I03,程控交换机产量_累计值,万线,130000,河北省,201508,10.3674
A02021I03,程控交换机产量_累计值,万线,130000,河北省,201507,9.7419
A02021I03,程控交换机产量_累计值,万线,130000,河北省,201506,8.1061
A02021I03,程控交换机产量_累计值,万线,130000,河北省,201505,6.5224
A02021I03,程控交换机产量_累计值,万线,130000,河北省,201504,5.969
A02021I03,程控交换机产量_累计值,万线,130000,河北省,201503,4.9078
A02021I03,程控交换机产量_累计值,万线,130000,河北省,201502,2.9181
A02021I01,程控交换机产量_当月值,万线,140000,山西省,201612,0.0
A02021I01,程控交换机产量_当月值,万线,140000,山西省,201611,0.0
A02021I01,程控交换机产量_当月值,万线,140000,山西省,201610,0.0
A02021I01,程控交换机产量_当月值,万线,140000,山西省,201609,0.0
A02021I01,程控交换机产量_当月值,万线,140000,山西省,201608,0.0
A02021I01,程控交换机产量_当月值,万线,140000,山西省,201607,0.0
A02021I01,程控交换机产量_当月值,万线,140000,山西省,201606,0.0
A02021I01,程控交换机产量_当月值,万线,140000,山西省,201605,0.0
A02021I03,程控交换机产量_累计值,万线,140000,山西省,202102,0.0
A02021I03,程控交换机产量_累计值,万线,140000,山西省,201612,0.0
A02021I03,程控交换机产量_累计值,万线,140000,山西省,201611,0.0
A02021I03,程控交换机产量_累计值,万线,140000,山西省,201610,0.0
A02021I03,程控交换机产量_累计值,万线,140000,山西省,201609,0.0
A02021I03,程控交换机产量_累计值,万线,140000,山西省,201608,0.0
A02021I03,程控交换机产量_累计值,万线,140000,山西省,201607,0.0
A02021I03,程控交换机产量_累计值,万线,140000,山西省,201606,0.0
A02021I03,程控交换机产量_累计值,万线,140000,山西省,201605,0.0
A02021I01,程控交换机产量_当月值,万线,150000,内蒙古自治区,201612,0.0
A02021I01,程控交换机产量_当月值,万线,150000,内蒙古自治区,201611,0.0
A02021I01,程控交换机产量_当月值,万线,150000,内蒙古自治区,201610,0.0
A02021I01,程控交换机产量_当月值,万线,150000,内蒙古自治区,201609,0.0
A02021I01,程控交换机产量_当月值,万线,150000,内蒙古自治区,201608,0.0
A02021I01,程控交换机产量_当月值,万线,150000,内蒙古自治区,201607,0.0
A02021I01,程控交换机产量_当月值,万线,150000,内蒙古自治区,201606,0.0
A02021I01,程控交换机产量_当月值,万线,150000,内蒙古自治区,201605,0.0
A02021I03,程控交换机产量_累计值,万线,150000,内蒙古自治区,202102,0.0
A02021I03,程控交换机产量_累计值,万线,150000,内蒙古自治区,201612,0.0
A02021I03,程控交换机产量_累计值,万线,150000,内蒙古自治区,201611,0.0
A02021I03,程控交换机产量_累计值,万线,150000,内蒙古自治区,201610,0.0
A02021I03,程控交换机产量_累计值,万线,150000,内蒙古自治区,201609,0.0
A02021I03,程控交换机产量_累计值,万线,150000,内蒙古自治区,201608,0.0
A02021I03,程控交换机产量_累计值,万线,150000,内蒙古自治区,201607,0.0
A02021I03,程控交换机产量_累计值,万线,150000,内蒙古自治区,201606,0.0
A02021I03,程控交换机产量_累计值,万线,150000,内蒙古自治区,201605,0.0
A02021I01,程控交换机产量_当月值,万线,210000,辽宁省,202112,0.0116
A02021I01,程控交换机产量_当月值,万线,210000,辽宁省,202111,0.0102
A02021I01,程控交换机产量_当月值,万线,210000,辽宁省,202110,0.0034
A02021I01,程控交换机产量_当月值,万线,210000,辽宁省,202109,0.0
A02021I01,程控交换机产量_当月值,万线,210000,辽宁省,202108,0.0
A02021I01,程控交换机产量_当月值,万线,210000,辽宁省,202107,0.0
A02021I01,程控交换机产量_当月值,万线,210000,辽宁省,202106,0.0
A02021I01,程控交换机产量_当月值,万线,210000,辽宁省,202105,0.0
A02021I01,程控交换机产量_当月值,万线,210000,辽宁省,202104,0.0
A02021I01,程控交换机产量_当月值,万线,210000,辽宁省,202103,0.0
A02021I01,程控交换机产量_当月值,万线,210000,辽宁省,202012,0.0028
A02021I01,程控交换机产量_当月值,万线,210000,辽宁省,202011,0.3715
A02021I01,程控交换机产量_当月值,万线,210000,辽宁省,202010,0.4055
A02021I01,程控交换机产量_当月值,万线,210000,辽宁省,202009,0.189
A02021I01,程控交换机产量_当月值,万线,210000,辽宁省,202008,0.2339
A02021I01,程控交换机产量_当月值,万线,210000,辽宁省,202007,0.3038
A02021I01,程控交换机产量_当月值,万线,210000,辽宁省,202006,0.3198
A02021I01,程控交换机产量_当月值,万线,210000,辽宁省,202005,0.2113
A02021I01,程控交换机产量_当月值,万线,210000,辽宁省,202004,0.4817
A02021I01,程控交换机产量_当月值,万线,210000,辽宁省,202003,0.0905
A02021I01,程控交换机产量_当月值,万线,210000,辽宁省,201912,0.7794
A02021I01,程控交换机产量_当月值,万线,210000,辽宁省,201911,0.38
A02021I01,程控交换机产量_当月值,万线,210000,辽宁省,201910,0.2473
A02021I01,程控交换机产量_当月值,万线,210000,辽宁省,201909,0.363
A02021I01,程控交换机产量_当月值,万线,210000,辽宁省,201908,0.3114
A02021I01,程控交换机产量_当月值,万线,210000,辽宁省,201907,0.2602
A02021I01,程控交换机产量_当月值,万线,210000,辽宁省,201906,0.071
A02021I01,程控交换机产量_当月值,万线,210000,辽宁省,201905,0.137
A02021I01,程控交换机产量_当月值,万线,210000,辽宁省,201904,0.1701
A02021I01,程控交换机产量_当月值,万线,210000,辽宁省,201903,0.2506
A02021I01,程控交换机产量_当月值,万线,210000,辽宁省,201812,1.0535
A02021I01,程控交换机产量_当月值,万线,210000,辽宁省,201811,0.4686
A02021I01,程控交换机产量_当月值,万线,210000,辽宁省,201810,0.3077
A02021I01,程控交换机产量_当月值,万线,210000,辽宁省,201809,0.3747
A02021I01,程控交换机产量_当月值,万线,210000,辽宁省,201808,0.228
A02021I01,程控交换机产量_当月值,万线,210000,辽宁省,201807,0.2849
A02021I01,程控交换机产量_当月值,万线,210000,辽宁省,201806,0.1774
A02021I01,程控交换机产量_当月值,万线,210000,辽宁省,201805,0.261
A02021I01,程控交换机产量_当月值,万线,210000,辽宁省,201804,0.327
A02021I01,程控交换机产量_当月值,万线,210000,辽宁省,201803,0.0904
A02021I01,程控交换机产量_当月值,万线,210000,辽宁省,201712,0.0
A02021I01,程控交换机产量_当月值,万线,210000,辽宁省,201711,0.0
A02021I01,程控交换机产量_当月值,万线,210000,辽宁省,201710,0.0
A02021I01,程控交换机产量_当月值,万线,210000,辽宁省,201709,0.0
A02021I01,程控交换机产量_当月值,万线,210000,辽宁省,201708,0.0
A02021I01,程控交换机产量_当月值,万线,210000,辽宁省,201707,0.0
A02021I01,程控交换机产量_当月值,万线,210000,辽宁省,201706,0.0
A02021I01,程控交换机产量_当月值,万线,210000,辽宁省,201705,0.0
A02021I01,程控交换机产量_当月值,万线,210000,辽宁省,201704,0.0
A02021I01,程控交换机产量_当月值,万线,210000,辽宁省,201703,0.0
A02021I01,程控交换机产量_当月值,万线,210000,辽宁省,201612,2.173
A02021I01,程控交换机产量_当月值,万线,210000,辽宁省,201611,2.439
A02021I01,程控交换机产量_当月值,万线,210000,辽宁省,201610,2.529
A02021I01,程控交换机产量_当月值,万线,210000,辽宁省,201609,2.348
A02021I01,程控交换机产量_当月值,万线,210000,辽宁省,201608,2.473
A02021I01,程控交换机产量_当月值,万线,210000,辽宁省,201607,2.269
A02021I01,程控交换机产量_当月值,万线,210000,辽宁省,201606,2.447
A02021I01,程控交换机产量_当月值,万线,210000,辽宁省,201605,3.034
A02021I01,程控交换机产量_当月值,万线,210000,辽宁省,201604,3.182
A02021I01,程控交换机产量_当月值,万线,210000,辽宁省,201603,4.741
A02021I01,程控交换机产量_当月值,万线,210000,辽宁省,201512,4.494
A02021I01,程控交换机产量_当月值,万线,210000,辽宁省,201511,4.49
A02021I01,程控交换机产量_当月值,万线,210000,辽宁省,201510,5.635
A02021I01,程控交换机产量_当月值,万线,210000,辽宁省,201509,5.785
A02021I01,程控交换机产量_当月值,万线,210000,辽宁省,201508,5.791
A02021I01,程控交换机产量_当月值,万线,210000,辽宁省,201507,5.718
A02021I01,程控交换机产量_当月值,万线,210000,辽宁省,201506,5.775
A02021I01,程控交换机产量_当月值,万线,210000,辽宁省,201505,5.11
A02021I01,程控交换机产量_当月值,万线,210000,辽宁省,201504,5.692
A02021I01,程控交换机产量_当月值,万线,210000,辽宁省,201503,4.144
A02021I03,程控交换机产量_累计值,万线,210000,辽宁省,202112,0.0597
A02021I03,程控交换机产量_累计值,万线,210000,辽宁省,202111,0.0481
A02021I03,程控交换机产量_累计值,万线,210000,辽宁省,202110,0.0379
A02021I03,程控交换机产量_累计值,万线,210000,辽宁省,202109,0.0
A02021I03,程控交换机产量_累计值,万线,210000,辽宁省,202108,0.0
A02021I03,程控交换机产量_累计值,万线,210000,辽宁省,202107,0.0
A02021I03,程控交换机产量_累计值,万线,210000,辽宁省,202106,0.0
A02021I03,程控交换机产量_累计值,万线,210000,辽宁省,202105,0.0
A02021I03,程控交换机产量_累计值,万线,210000,辽宁省,202104,0.0
A02021I03,程控交换机产量_累计值,万线,210000,辽宁省,202103,0.0
A02021I03,程控交换机产量_累计值,万线,210000,辽宁省,202102,0.0
A02021I03,程控交换机产量_累计值,万线,210000,辽宁省,202012,2.7892
A02021I03,程控交换机产量_累计值,万线,210000,辽宁省,202011,2.7864
A02021I03,程控交换机产量_累计值,万线,210000,辽宁省,202010,2.4149
A02021I03,程控交换机产量_累计值,万线,210000,辽宁省,202009,2.0094
A02021I03,程控交换机产量_累计值,万线,210000,辽宁省,202008,1.8204
A02021I03,程控交换机产量_累计值,万线,210000,辽宁省,202007,1.5865
A02021I03,程控交换机产量_累计值,万线,210000,辽宁省,202006,1.2827
A02021I03,程控交换机产量_累计值,万线,210000,辽宁省,202005,0.9629
A02021I03,程控交换机产量_累计值,万线,210000,辽宁省,202004,0.7516
A02021I03,程控交换机产量_累计值,万线,210000,辽宁省,202003,0.2699
A02021I03,程控交换机产量_累计值,万线,210000,辽宁省,202002,0.1794
A02021I03,程控交换机产量_累计值,万线,210000,辽宁省,201912,3.4598
A02021I03,程控交换机产量_累计值,万线,210000,辽宁省,201911,2.6804
A02021I03,程控交换机产量_累计值,万线,210000,辽宁省,201910,2.3004
A02021I03,程控交换机产量_累计值,万线,210000,辽宁省,201909,2.0531
A02021I03,程控交换机产量_累计值,万线,210000,辽宁省,201908,1.6901
A02021I03,程控交换机产量_累计值,万线,210000,辽宁省,201907,1.3787
A02021I03,程控交换机产量_累计值,万线,210000,辽宁省,201906,0.8733
A02021I03,程控交换机产量_累计值,万线,210000,辽宁省,201905,0.8023
A02021I03,程控交换机产量_累计值,万线,210000,辽宁省,201904,0.6653
A02021I03,程控交换机产量_累计值,万线,210000,辽宁省,201903,0.4952
A02021I03,程控交换机产量_累计值,万线,210000,辽宁省,201902,0.2446
A02021I03,程控交换机产量_累计值,万线,210000,辽宁省,201812,3.8424
A02021I03,程控交换机产量_累计值,万线,210000,辽宁省,201811,2.7889
A02021I03,程控交换机产量_累计值,万线,210000,辽宁省,201810,2.3203
A02021I03,程控交换机产量_累计值,万线,210000,辽宁省,201809,2.0126
A02021I03,程控交换机产量_累计值,万线,210000,辽宁省,201808,1.6379
A02021I03,程控交换机产量_累计值,万线,210000,辽宁省,201807,1.4099
A02021I03,程控交换机产量_累计值,万线,210000,辽宁省,201806,1.125
A02021I03,程控交换机产量_累计值,万线,210000,辽宁省,201805,0.9506
A02021I03,程控交换机产量_累计值,万线,210000,辽宁省,201804,0.6896
A02021I03,程控交换机产量_累计值,万线,210000,辽宁省,201803,0.3626
A02021I03,程控交换机产量_累计值,万线,210000,辽宁省,201802,0.2722
A02021I03,程控交换机产量_累计值,万线,210000,辽宁省,201712,0.0
A02021I03,程控交换机产量_累计值,万线,210000,辽宁省,201711,0.0
A02021I03,程控交换机产量_累计值,万线,210000,辽宁省,201710,0.0
A02021I03,程控交换机产量_累计值,万线,210000,辽宁省,201709,0.0
A02021I03,程控交换机产量_累计值,万线,210000,辽宁省,201708,0.0
A02021I03,程控交换机产量_累计值,万线,210000,辽宁省,201707,0.0
A02021I03,程控交换机产量_累计值,万线,210000,辽宁省,201706,0.0
A02021I03,程控交换机产量_累计值,万线,210000,辽宁省,201705,0.0
A02021I03,程控交换机产量_累计值,万线,210000,辽宁省,201704,0.0
A02021I03,程控交换机产量_累计值,万线,210000,辽宁省,201703,0.0
A02021I03,程控交换机产量_累计值,万线,210000,辽宁省,201702,0.0
A02021I03,程控交换机产量_累计值,万线,210000,辽宁省,201612,36.587
A02021I03,程控交换机产量_累计值,万线,210000,辽宁省,201611,34.414
A02021I03,程控交换机产量_累计值,万线,210000,辽宁省,201610,31.975
A02021I03,程控交换机产量_累计值,万线,210000,辽宁省,201609,29.446
A02021I03,程控交换机产量_累计值,万线,210000,辽宁省,201608,27.098
A02021I03,程控交换机产量_累计值,万线,210000,辽宁省,201607,24.625
A02021I03,程控交换机产量_累计值,万线,210000,辽宁省,201606,22.356
A02021I03,程控交换机产量_累计值,万线,210000,辽宁省,201605,19.909
A02021I03,程控交换机产量_累计值,万线,210000,辽宁省,201604,16.875
A02021I03,程控交换机产量_累计值,万线,210000,辽宁省,201603,13.693
A02021I03,程控交换机产量_累计值,万线,210000,辽宁省,201602,8.952
A02021I03,程控交换机产量_累计值,万线,210000,辽宁省,201512,60.753
A02021I03,程控交换机产量_累计值,万线,210000,辽宁省,201511,56.259
A02021I03,程控交换机产量_累计值,万线,210000,辽宁省,201510,51.769
A02021I03,程控交换机产量_累计值,万线,210000,辽宁省,201509,46.134
A02021I03,程控交换机产量_累计值,万线,210000,辽宁省,201508,40.349
A02021I03,程控交换机产量_累计值,万线,210000,辽宁省,201507,34.558
A02021I03,程控交换机产量_累计值,万线,210000,辽宁省,201506,28.84
A02021I03,程控交换机产量_累计值,万线,210000,辽宁省,201505,23.065
A02021I03,程控交换机产量_累计值,万线,210000,辽宁省,201504,17.955
A02021I03,程控交换机产量_累计值,万线,210000,辽宁省,201503,12.263
A02021I03,程控交换机产量_累计值,万线,210000,辽宁省,201502,8.119
A02021I01,程控交换机产量_当月值,万线,220000,吉林省,201612,0.0
A02021I01,程控交换机产量_当月值,万线,220000,吉林省,201611,0.0
A02021I01,程控交换机产量_当月值,万线,220000,吉林省,201610,0.0
A02021I01,程控交换机产量_当月值,万线,220000,吉林省,201609,0.0
A02021I01,程控交换机产量_当月值,万线,220000,吉林省,201608,0.0
A02021I01,程控交换机产量_当月值,万线,220000,吉林省,201607,0.0
A02021I01,程控交换机产量_当月值,万线,220000,吉林省,201606,0.0
A02021I01,程控交换机产量_当月值,万线,220000,吉林省,201605,0.0
A02021I03,程控交换机产量_累计值,万线,220000,吉林省,202102,0.0
A02021I03,程控交换机产量_累计值,万线,220000,吉林省,201612,0.0
A02021I03,程控交换机产量_累计值,万线,220000,吉林省,201611,0.0
A02021I03,程控交换机产量_累计值,万线,220000,吉林省,201610,0.0
A02021I03,程控交换机产量_累计值,万线,220000,吉林省,201609,0.0
A02021I03,程控交换机产量_累计值,万线,220000,吉林省,201608,0.0
A02021I03,程控交换机产量_累计值,万线,220000,吉林省,201607,0.0
A02021I03,程控交换机产量_累计值,万线,220000,吉林省,201606,0.0
A02021I03,程控交换机产量_累计值,万线,220000,吉林省,201605,0.0
A02021I01,程控交换机产量_当月值,万线,230000,黑龙江省,201612,0.0
A02021I01,程控交换机产量_当月值,万线,230000,黑龙江省,201611,0.0
A02021I01,程控交换机产量_当月值,万线,230000,黑龙江省,201610,0.0
A02021I01,程控交换机产量_当月值,万线,230000,黑龙江省,201609,0.0
A02021I01,程控交换机产量_当月值,万线,230000,黑龙江省,201608,0.0
A02021I01,程控交换机产量_当月值,万线,230000,黑龙江省,201607,0.0
A02021I01,程控交换机产量_当月值,万线,230000,黑龙江省,201606,0.0
A02021I01,程控交换机产量_当月值,万线,230000,黑龙江省,201605,0.0
A02021I03,程控交换机产量_累计值,万线,230000,黑龙江省,202102,0.0
A02021I03,程控交换机产量_累计值,万线,230000,黑龙江省,201612,0.0
A02021I03,程控交换机产量_累计值,万线,230000,黑龙江省,201611,0.0
A02021I03,程控交换机产量_累计值,万线,230000,黑龙江省,201610,0.0
A02021I03,程控交换机产量_累计值,万线,230000,黑龙江省,201609,0.0
A02021I03,程控交换机产量_累计值,万线,230000,黑龙江省,201608,0.0
A02021I03,程控交换机产量_累计值,万线,230000,黑龙江省,201607,0.0
A02021I03,程控交换机产量_累计值,万线,230000,黑龙江省,201606,0.0
A02021I03,程控交换机产量_累计值,万线,230000,黑龙江省,201605,0.0
A02021I01,程控交换机产量_当月值,万线,310000,上海市,202012,0.215
A02021I01,程控交换机产量_当月值,万线,310000,上海市,202011,0.223
A02021I01,程控交换机产量_当月值,万线,310000,上海市,202010,0.192
A02021I01,程控交换机产量_当月值,万线,310000,上海市,202009,0.206
A02021I01,程控交换机产量_当月值,万线,310000,上海市,202008,0.225
A02021I01,程控交换机产量_当月值,万线,310000,上海市,202007,0.1506
A02021I01,程控交换机产量_当月值,万线,310000,上海市,202006,0.2962
A02021I01,程控交换机产量_当月值,万线,310000,上海市,202005,0.1686
A02021I01,程控交换机产量_当月值,万线,310000,上海市,202004,0.1834
A02021I01,程控交换机产量_当月值,万线,310000,上海市,202003,0.3
A02021I01,程控交换机产量_当月值,万线,310000,上海市,201912,0.1665
A02021I01,程控交换机产量_当月值,万线,310000,上海市,201911,0.4142
A02021I01,程控交换机产量_当月值,万线,310000,上海市,201910,0.4047
A02021I01,程控交换机产量_当月值,万线,310000,上海市,201909,0.093
A02021I01,程控交换机产量_当月值,万线,310000,上海市,201908,0.4154
A02021I01,程控交换机产量_当月值,万线,310000,上海市,201907,0.147
A02021I01,程控交换机产量_当月值,万线,310000,上海市,201906,0.3003
A02021I01,程控交换机产量_当月值,万线,310000,上海市,201905,0.7067
A02021I01,程控交换机产量_当月值,万线,310000,上海市,201904,0.0154
A02021I01,程控交换机产量_当月值,万线,310000,上海市,201812,4.7
A02021I01,程控交换机产量_当月值,万线,310000,上海市,201811,3.0
A02021I01,程控交换机产量_当月值,万线,310000,上海市,201810,2.5
A02021I01,程控交换机产量_当月值,万线,310000,上海市,201809,6.0
A02021I01,程控交换机产量_当月值,万线,310000,上海市,201808,0.5
A02021I01,程控交换机产量_当月值,万线,310000,上海市,201807,3.0
A02021I01,程控交换机产量_当月值,万线,310000,上海市,201806,3.0
A02021I01,程控交换机产量_当月值,万线,310000,上海市,201805,0.5
A02021I01,程控交换机产量_当月值,万线,310000,上海市,201804,2.0
A02021I01,程控交换机产量_当月值,万线,310000,上海市,201803,1.5
A02021I01,程控交换机产量_当月值,万线,310000,上海市,201712,4.112
A02021I01,程控交换机产量_当月值,万线,310000,上海市,201711,1.41
A02021I01,程控交换机产量_当月值,万线,310000,上海市,201710,0.624
A02021I01,程控交换机产量_当月值,万线,310000,上海市,201709,2.447
A02021I01,程控交换机产量_当月值,万线,310000,上海市,201708,3.059
A02021I01,程控交换机产量_当月值,万线,310000,上海市,201707,1.2306
A02021I01,程控交换机产量_当月值,万线,310000,上海市,201706,1.012
A02021I01,程控交换机产量_当月值,万线,310000,上海市,201705,1.0023
A02021I01,程控交换机产量_当月值,万线,310000,上海市,201704,1.397
A02021I01,程控交换机产量_当月值,万线,310000,上海市,201703,1.5668
A02021I01,程控交换机产量_当月值,万线,310000,上海市,201612,3.3198
A02021I01,程控交换机产量_当月值,万线,310000,上海市,201611,4.7893
A02021I01,程控交换机产量_当月值,万线,310000,上海市,201610,5.4196
A02021I01,程控交换机产量_当月值,万线,310000,上海市,201609,8.2811
A02021I01,程控交换机产量_当月值,万线,310000,上海市,201608,18.3184
A02021I01,程控交换机产量_当月值,万线,310000,上海市,201607,6.7601
A02021I01,程控交换机产量_当月值,万线,310000,上海市,201606,4.9099
A02021I01,程控交换机产量_当月值,万线,310000,上海市,201605,5.1579
A02021I01,程控交换机产量_当月值,万线,310000,上海市,201604,2.887
A02021I01,程控交换机产量_当月值,万线,310000,上海市,201603,3.5317
A02021I01,程控交换机产量_当月值,万线,310000,上海市,201512,11.7098
A02021I01,程控交换机产量_当月值,万线,310000,上海市,201511,11.9051
A02021I01,程控交换机产量_当月值,万线,310000,上海市,201510,3.6917
A02021I01,程控交换机产量_当月值,万线,310000,上海市,201509,2.8511
A02021I01,程控交换机产量_当月值,万线,310000,上海市,201508,23.2462
A02021I01,程控交换机产量_当月值,万线,310000,上海市,201507,9.4035
A02021I01,程控交换机产量_当月值,万线,310000,上海市,201506,8.1044
A02021I01,程控交换机产量_当月值,万线,310000,上海市,201505,2.0296
A02021I01,程控交换机产量_当月值,万线,310000,上海市,201504,12.7431
A02021I01,程控交换机产量_当月值,万线,310000,上海市,201503,10.0815
A02021I03,程控交换机产量_累计值,万线,310000,上海市,202102,0.0
A02021I03,程控交换机产量_累计值,万线,310000,上海市,202012,2.3818
A02021I03,程控交换机产量_累计值,万线,310000,上海市,202011,2.1668
A02021I03,程控交换机产量_累计值,万线,310000,上海市,202010,1.9438
A02021I03,程控交换机产量_累计值,万线,310000,上海市,202009,1.7518
A02021I03,程控交换机产量_累计值,万线,310000,上海市,202008,1.5458
A02021I03,程控交换机产量_累计值,万线,310000,上海市,202007,1.3208
A02021I03,程控交换机产量_累计值,万线,310000,上海市,202006,1.1702
A02021I03,程控交换机产量_累计值,万线,310000,上海市,202005,0.874
A02021I03,程控交换机产量_累计值,万线,310000,上海市,202004,0.7054
A02021I03,程控交换机产量_累计值,万线,310000,上海市,202003,0.522
A02021I03,程控交换机产量_累计值,万线,310000,上海市,202002,0.222
A02021I03,程控交换机产量_累计值,万线,310000,上海市,201912,4.1638
A02021I03,程控交换机产量_累计值,万线,310000,上海市,201911,3.9973
A02021I03,程控交换机产量_累计值,万线,310000,上海市,201910,3.583
A02021I03,程控交换机产量_累计值,万线,310000,上海市,201909,3.1783
A02021I03,程控交换机产量_累计值,万线,310000,上海市,201908,3.0853
A02021I03,程控交换机产量_累计值,万线,310000,上海市,201907,2.6699
A02021I03,程控交换机产量_累计值,万线,310000,上海市,201906,2.523
A02021I03,程控交换机产量_累计值,万线,310000,上海市,201905,2.2226
A02021I03,程控交换机产量_累计值,万线,310000,上海市,201904,0.4671
A02021I03,程控交换机产量_累计值,万线,310000,上海市,201812,27.7
A02021I03,程控交换机产量_累计值,万线,310000,上海市,201811,23.0
A02021I03,程控交换机产量_累计值,万线,310000,上海市,201810,20.0
A02021I03,程控交换机产量_累计值,万线,310000,上海市,201809,17.5
A02021I03,程控交换机产量_累计值,万线,310000,上海市,201808,11.5
A02021I03,程控交换机产量_累计值,万线,310000,上海市,201807,11.0
A02021I03,程控交换机产量_累计值,万线,310000,上海市,201806,8.0
A02021I03,程控交换机产量_累计值,万线,310000,上海市,201805,5.0
A02021I03,程控交换机产量_累计值,万线,310000,上海市,201804,4.5
A02021I03,程控交换机产量_累计值,万线,310000,上海市,201803,2.5
A02021I03,程控交换机产量_累计值,万线,310000,上海市,201802,1.0
A02021I03,程控交换机产量_累计值,万线,310000,上海市,201712,23.3197
A02021I03,程控交换机产量_累计值,万线,310000,上海市,201711,19.2077
A02021I03,程控交换机产量_累计值,万线,310000,上海市,201710,17.7977
A02021I03,程控交换机产量_累计值,万线,310000,上海市,201709,17.1737
A02021I03,程控交换机产量_累计值,万线,310000,上海市,201708,14.7267
A02021I03,程控交换机产量_累计值,万线,310000,上海市,201707,11.6677
A02021I03,程控交换机产量_累计值,万线,310000,上海市,201706,10.4371
A02021I03,程控交换机产量_累计值,万线,310000,上海市,201705,9.4251
A02021I03,程控交换机产量_累计值,万线,310000,上海市,201704,8.4228
A02021I03,程控交换机产量_累计值,万线,310000,上海市,201703,7.0258
A02021I03,程控交换机产量_累计值,万线,310000,上海市,201702,5.459
A02021I03,程控交换机产量_累计值,万线,310000,上海市,201612,75.3293
A02021I03,程控交换机产量_累计值,万线,310000,上海市,201611,72.0095
A02021I03,程控交换机产量_累计值,万线,310000,上海市,201610,67.2202
A02021I03,程控交换机产量_累计值,万线,310000,上海市,201609,61.8006
A02021I03,程控交换机产量_累计值,万线,310000,上海市,201608,53.5196
A02021I03,程控交换机产量_累计值,万线,310000,上海市,201607,35.2012
A02021I03,程控交换机产量_累计值,万线,310000,上海市,201606,28.4411
A02021I03,程控交换机产量_累计值,万线,310000,上海市,201605,23.5312
A02021I03,程控交换机产量_累计值,万线,310000,上海市,201604,18.3733
A02021I03,程控交换机产量_累计值,万线,310000,上海市,201603,15.4863
A02021I03,程控交换机产量_累计值,万线,310000,上海市,201602,11.9546
A02021I03,程控交换机产量_累计值,万线,310000,上海市,201512,95.3465
A02021I03,程控交换机产量_累计值,万线,310000,上海市,201511,83.6367
A02021I03,程控交换机产量_累计值,万线,310000,上海市,201510,71.7316
A02021I03,程控交换机产量_累计值,万线,310000,上海市,201509,82.8896
A02021I03,程控交换机产量_累计值,万线,310000,上海市,201508,80.0385
A02021I03,程控交换机产量_累计值,万线,310000,上海市,201507,56.7923
A02021I03,程控交换机产量_累计值,万线,310000,上海市,201506,47.3888
A02021I03,程控交换机产量_累计值,万线,310000,上海市,201505,39.2844
A02021I03,程控交换机产量_累计值,万线,310000,上海市,201504,37.2548
A02021I03,程控交换机产量_累计值,万线,310000,上海市,201503,24.5117
A02021I03,程控交换机产量_累计值,万线,310000,上海市,201502,14.4302
A02021I01,程控交换机产量_当月值,万线,320000,江苏省,201912,0.0
A02021I01,程控交换机产量_当月值,万线,320000,江苏省,201911,0.0
A02021I01,程控交换机产量_当月值,万线,320000,江苏省,201910,0.0
A02021I01,程控交换机产量_当月值,万线,320000,江苏省,201909,0.0
A02021I01,程控交换机产量_当月值,万线,320000,江苏省,201908,0.0
A02021I01,程控交换机产量_当月值,万线,320000,江苏省,201907,0.0
A02021I01,程控交换机产量_当月值,万线,320000,江苏省,201906,0.0
A02021I01,程控交换机产量_当月值,万线,320000,江苏省,201905,0.0
A02021I01,程控交换机产量_当月值,万线,320000,江苏省,201904,0.0
A02021I01,程控交换机产量_当月值,万线,320000,江苏省,201903,0.0
A02021I01,程控交换机产量_当月值,万线,320000,江苏省,201812,0.029
A02021I01,程控交换机产量_当月值,万线,320000,江苏省,201811,0.026
A02021I01,程控交换机产量_当月值,万线,320000,江苏省,201810,0.016
A02021I01,程控交换机产量_当月值,万线,320000,江苏省,201809,0.013
A02021I01,程控交换机产量_当月值,万线,320000,江苏省,201808,187.5121
A02021I01,程控交换机产量_当月值,万线,320000,江苏省,201807,23.5816
A02021I01,程控交换机产量_当月值,万线,320000,江苏省,201806,0.018
A02021I01,程控交换机产量_当月值,万线,320000,江苏省,201805,0.019
A02021I01,程控交换机产量_当月值,万线,320000,江苏省,201804,0.022
A02021I01,程控交换机产量_当月值,万线,320000,江苏省,201803,0.021
A02021I01,程控交换机产量_当月值,万线,320000,江苏省,201712,0.022
A02021I01,程控交换机产量_当月值,万线,320000,江苏省,201711,0.011
A02021I01,程控交换机产量_当月值,万线,320000,江苏省,201710,0.031
A02021I01,程控交换机产量_当月值,万线,320000,江苏省,201709,0.028
A02021I01,程控交换机产量_当月值,万线,320000,江苏省,201708,0.03
A02021I01,程控交换机产量_当月值,万线,320000,江苏省,201707,0.052
A02021I01,程控交换机产量_当月值,万线,320000,江苏省,201706,0.066
A02021I01,程控交换机产量_当月值,万线,320000,江苏省,201705,0.14
A02021I01,程控交换机产量_当月值,万线,320000,江苏省,201704,0.18
A02021I01,程控交换机产量_当月值,万线,320000,江苏省,201703,0.03
A02021I01,程控交换机产量_当月值,万线,320000,江苏省,201612,0.042
A02021I01,程控交换机产量_当月值,万线,320000,江苏省,201611,0.02
A02021I01,程控交换机产量_当月值,万线,320000,江苏省,201610,0.05
A02021I01,程控交换机产量_当月值,万线,320000,江苏省,201609,0.08
A02021I01,程控交换机产量_当月值,万线,320000,江苏省,201608,0.03
A02021I01,程控交换机产量_当月值,万线,320000,江苏省,201607,0.02
A02021I01,程控交换机产量_当月值,万线,320000,江苏省,201606,0.095
A02021I01,程控交换机产量_当月值,万线,320000,江苏省,201605,0.05
A02021I01,程控交换机产量_当月值,万线,320000,江苏省,201604,0.06
A02021I01,程控交换机产量_当月值,万线,320000,江苏省,201603,0.054
A02021I01,程控交换机产量_当月值,万线,320000,江苏省,201512,0.055
A02021I01,程控交换机产量_当月值,万线,320000,江苏省,201511,0.05
A02021I01,程控交换机产量_当月值,万线,320000,江苏省,201510,0.01
A02021I01,程控交换机产量_当月值,万线,320000,江苏省,201509,0.03
A02021I01,程控交换机产量_当月值,万线,320000,江苏省,201508,0.09
A02021I01,程控交换机产量_当月值,万线,320000,江苏省,201507,0.09
A02021I01,程控交换机产量_当月值,万线,320000,江苏省,201506,0.078
A02021I01,程控交换机产量_当月值,万线,320000,江苏省,201505,0.07
A02021I01,程控交换机产量_当月值,万线,320000,江苏省,201504,0.07
A02021I01,程控交换机产量_当月值,万线,320000,江苏省,201503,0.066
A02021I03,程控交换机产量_累计值,万线,320000,江苏省,202102,0.0
A02021I03,程控交换机产量_累计值,万线,320000,江苏省,201912,0.0
A02021I03,程控交换机产量_累计值,万线,320000,江苏省,201911,0.0
A02021I03,程控交换机产量_累计值,万线,320000,江苏省,201910,0.0
A02021I03,程控交换机产量_累计值,万线,320000,江苏省,201909,0.0
A02021I03,程控交换机产量_累计值,万线,320000,江苏省,201908,0.0
A02021I03,程控交换机产量_累计值,万线,320000,江苏省,201907,0.0
A02021I03,程控交换机产量_累计值,万线,320000,江苏省,201906,0.0
A02021I03,程控交换机产量_累计值,万线,320000,江苏省,201905,0.0
A02021I03,程控交换机产量_累计值,万线,320000,江苏省,201904,0.0
A02021I03,程控交换机产量_累计值,万线,320000,江苏省,201903,0.0
A02021I03,程控交换机产量_累计值,万线,320000,江苏省,201902,0.0
A02021I03,程控交换机产量_累计值,万线,320000,江苏省,201812,0.245
A02021I03,程控交换机产量_累计值,万线,320000,江苏省,201811,0.216
A02021I03,程控交换机产量_累计值,万线,320000,江苏省,201810,0.19
A02021I03,程控交换机产量_累计值,万线,320000,江苏省,201809,0.174
A02021I03,程控交换机产量_累计值,万线,320000,江苏省,201808,211.2267
A02021I03,程控交换机产量_累计值,万线,320000,江苏省,201807,23.7146
A02021I03,程控交换机产量_累计值,万线,320000,江苏省,201806,0.133
A02021I03,程控交换机产量_累计值,万线,320000,江苏省,201805,0.115
A02021I03,程控交换机产量_累计值,万线,320000,江苏省,201804,0.096
A02021I03,程控交换机产量_累计值,万线,320000,江苏省,201803,0.074
A02021I03,程控交换机产量_累计值,万线,320000,江苏省,201802,0.053
A02021I03,程控交换机产量_累计值,万线,320000,江苏省,201712,0.675
A02021I03,程控交换机产量_累计值,万线,320000,江苏省,201711,0.653
A02021I03,程控交换机产量_累计值,万线,320000,江苏省,201710,0.642
A02021I03,程控交换机产量_累计值,万线,320000,江苏省,201709,0.611
A02021I03,程控交换机产量_累计值,万线,320000,江苏省,201708,0.583
A02021I03,程控交换机产量_累计值,万线,320000,江苏省,201707,0.553
A02021I03,程控交换机产量_累计值,万线,320000,江苏省,201706,0.501
A02021I03,程控交换机产量_累计值,万线,320000,江苏省,201705,0.435
A02021I03,程控交换机产量_累计值,万线,320000,江苏省,201704,0.295
A02021I03,程控交换机产量_累计值,万线,320000,江苏省,201703,0.115
A02021I03,程控交换机产量_累计值,万线,320000,江苏省,201702,0.085
A02021I03,程控交换机产量_累计值,万线,320000,江苏省,201612,0.676
A02021I03,程控交换机产量_累计值,万线,320000,江苏省,201611,0.634
A02021I03,程控交换机产量_累计值,万线,320000,江苏省,201610,0.614
A02021I03,程控交换机产量_累计值,万线,320000,江苏省,201609,0.564
A02021I03,程控交换机产量_累计值,万线,320000,江苏省,201608,0.484
A02021I03,程控交换机产量_累计值,万线,320000,江苏省,201607,0.454
A02021I03,程控交换机产量_累计值,万线,320000,江苏省,201606,0.434
A02021I03,程控交换机产量_累计值,万线,320000,江苏省,201605,0.339
A02021I03,程控交换机产量_累计值,万线,320000,江苏省,201604,0.289
A02021I03,程控交换机产量_累计值,万线,320000,江苏省,201603,0.229
A02021I03,程控交换机产量_累计值,万线,320000,江苏省,201602,0.175
A02021I03,程控交换机产量_累计值,万线,320000,江苏省,201512,0.795
A02021I03,程控交换机产量_累计值,万线,320000,江苏省,201511,0.74
A02021I03,程控交换机产量_累计值,万线,320000,江苏省,201510,0.69
A02021I03,程控交换机产量_累计值,万线,320000,江苏省,201509,0.68
A02021I03,程控交换机产量_累计值,万线,320000,江苏省,201508,0.65
A02021I03,程控交换机产量_累计值,万线,320000,江苏省,201507,0.56
A02021I03,程控交换机产量_累计值,万线,320000,江苏省,201506,0.47
A02021I03,程控交换机产量_累计值,万线,320000,江苏省,201505,0.392
A02021I03,程控交换机产量_累计值,万线,320000,江苏省,201504,0.322
A02021I03,程控交换机产量_累计值,万线,320000,江苏省,201503,0.252
A02021I03,程控交换机产量_累计值,万线,320000,江苏省,201502,0.186
A02021I01,程控交换机产量_当月值,万线,330000,浙江省,202112,9.5187
A02021I01,程控交换机产量_当月值,万线,330000,浙江省,202111,7.6847
A02021I01,程控交换机产量_当月值,万线,330000,浙江省,202110,4.7035
A02021I01,程控交换机产量_当月值,万线,330000,浙江省,202109,5.0438
A02021I01,程控交换机产量_当月值,万线,330000,浙江省,202108,4.2075
A02021I01,程控交换机产量_当月值,万线,330000,浙江省,202107,4.1731
A02021I01,程控交换机产量_当月值,万线,330000,浙江省,202106,3.8004
A02021I01,程控交换机产量_当月值,万线,330000,浙江省,202105,2.89
A02021I01,程控交换机产量_当月值,万线,330000,浙江省,202104,2.9987
A02021I01,程控交换机产量_当月值,万线,330000,浙江省,202103,5.9385
A02021I01,程控交换机产量_当月值,万线,330000,浙江省,202012,4.8483
A02021I01,程控交换机产量_当月值,万线,330000,浙江省,202011,5.8325
A02021I01,程控交换机产量_当月值,万线,330000,浙江省,202010,3.9105
A02021I01,程控交换机产量_当月值,万线,330000,浙江省,202009,5.6551
A02021I01,程控交换机产量_当月值,万线,330000,浙江省,202008,5.2947
A02021I01,程控交换机产量_当月值,万线,330000,浙江省,202007,4.2149
A02021I01,程控交换机产量_当月值,万线,330000,浙江省,202006,2.6581
A02021I01,程控交换机产量_当月值,万线,330000,浙江省,202005,2.945
A02021I01,程控交换机产量_当月值,万线,330000,浙江省,202004,4.7912
A02021I01,程控交换机产量_当月值,万线,330000,浙江省,202003,7.6487
A02021I01,程控交换机产量_当月值,万线,330000,浙江省,201912,11.8127
A02021I01,程控交换机产量_当月值,万线,330000,浙江省,201911,9.2593
A02021I01,程控交换机产量_当月值,万线,330000,浙江省,201910,6.1996
A02021I01,程控交换机产量_当月值,万线,330000,浙江省,201909,6.6676
A02021I01,程控交换机产量_当月值,万线,330000,浙江省,201908,7.8238
A02021I01,程控交换机产量_当月值,万线,330000,浙江省,201907,8.0749
A02021I01,程控交换机产量_当月值,万线,330000,浙江省,201906,11.8291
A02021I01,程控交换机产量_当月值,万线,330000,浙江省,201905,9.5716
A02021I01,程控交换机产量_当月值,万线,330000,浙江省,201904,9.9382
A02021I01,程控交换机产量_当月值,万线,330000,浙江省,201903,9.0517
A02021I01,程控交换机产量_当月值,万线,330000,浙江省,201812,12.5763
A02021I01,程控交换机产量_当月值,万线,330000,浙江省,201811,8.4284
A02021I01,程控交换机产量_当月值,万线,330000,浙江省,201810,8.502
A02021I01,程控交换机产量_当月值,万线,330000,浙江省,201809,8.7147
A02021I01,程控交换机产量_当月值,万线,330000,浙江省,201808,7.6695
A02021I01,程控交换机产量_当月值,万线,330000,浙江省,201807,3.1373
A02021I01,程控交换机产量_当月值,万线,330000,浙江省,201806,4.5381
A02021I01,程控交换机产量_当月值,万线,330000,浙江省,201805,3.584
A02021I01,程控交换机产量_当月值,万线,330000,浙江省,201804,3.8621
A02021I01,程控交换机产量_当月值,万线,330000,浙江省,201803,3.7663
A02021I01,程控交换机产量_当月值,万线,330000,浙江省,201712,34.4771
A02021I01,程控交换机产量_当月值,万线,330000,浙江省,201711,24.1575
A02021I01,程控交换机产量_当月值,万线,330000,浙江省,201710,24.8611
A02021I01,程控交换机产量_当月值,万线,330000,浙江省,201709,34.183
A02021I01,程控交换机产量_当月值,万线,330000,浙江省,201708,35.0716
A02021I01,程控交换机产量_当月值,万线,330000,浙江省,201707,47.3189
A02021I01,程控交换机产量_当月值,万线,330000,浙江省,201706,41.0165
A02021I01,程控交换机产量_当月值,万线,330000,浙江省,201705,43.0833
A02021I01,程控交换机产量_当月值,万线,330000,浙江省,201704,40.1957
A02021I01,程控交换机产量_当月值,万线,330000,浙江省,201703,40.4569
A02021I01,程控交换机产量_当月值,万线,330000,浙江省,201612,39.75499
A02021I01,程控交换机产量_当月值,万线,330000,浙江省,201611,20.71962
A02021I01,程控交换机产量_当月值,万线,330000,浙江省,201610,15.10722
A02021I01,程控交换机产量_当月值,万线,330000,浙江省,201609,14.7879
A02021I01,程控交换机产量_当月值,万线,330000,浙江省,201608,11.46576
A02021I01,程控交换机产量_当月值,万线,330000,浙江省,201607,23.88091
A02021I01,程控交换机产量_当月值,万线,330000,浙江省,201606,14.74498
A02021I01,程控交换机产量_当月值,万线,330000,浙江省,201605,18.7608
A02021I01,程控交换机产量_当月值,万线,330000,浙江省,201604,22.6783
A02021I01,程控交换机产量_当月值,万线,330000,浙江省,201603,16.66496
A02021I01,程控交换机产量_当月值,万线,330000,浙江省,201512,26.3885
A02021I01,程控交换机产量_当月值,万线,330000,浙江省,201511,14.5059
A02021I01,程控交换机产量_当月值,万线,330000,浙江省,201510,15.5921
A02021I01,程控交换机产量_当月值,万线,330000,浙江省,201509,16.1506
A02021I01,程控交换机产量_当月值,万线,330000,浙江省,201508,16.6293
A02021I01,程控交换机产量_当月值,万线,330000,浙江省,201507,12.5786
A02021I01,程控交换机产量_当月值,万线,330000,浙江省,201506,15.0062
A02021I01,程控交换机产量_当月值,万线,330000,浙江省,201505,14.2928
A02021I01,程控交换机产量_当月值,万线,330000,浙江省,201504,15.5469
A02021I01,程控交换机产量_当月值,万线,330000,浙江省,201503,15.8941
A02021I03,程控交换机产量_累计值,万线,330000,浙江省,202202,10.3711
A02021I03,程控交换机产量_累计值,万线,330000,浙江省,202112,67.6531
A02021I03,程控交换机产量_累计值,万线,330000,浙江省,202111,58.1344
A02021I03,程控交换机产量_累计值,万线,330000,浙江省,202110,38.9081
A02021I03,程控交换机产量_累计值,万线,330000,浙江省,202109,34.2046
A02021I03,程控交换机产量_累计值,万线,330000,浙江省,202108,29.1608
A02021I03,程控交换机产量_累计值,万线,330000,浙江省,202107,25.1981
A02021I03,程控交换机产量_累计值,万线,330000,浙江省,202106,21.025
A02021I03,程控交换机产量_累计值,万线,330000,浙江省,202105,17.2246
A02021I03,程控交换机产量_累计值,万线,330000,浙江省,202104,14.3346
A02021I03,程控交换机产量_累计值,万线,330000,浙江省,202103,11.3359
A02021I03,程控交换机产量_累计值,万线,330000,浙江省,202102,5.3974
A02021I03,程控交换机产量_累计值,万线,330000,浙江省,202012,53.659
A02021I03,程控交换机产量_累计值,万线,330000,浙江省,202011,48.8107
A02021I03,程控交换机产量_累计值,万线,330000,浙江省,202010,42.6409
A02021I03,程控交换机产量_累计值,万线,330000,浙江省,202009,38.7304
A02021I03,程控交换机产量_累计值,万线,330000,浙江省,202008,33.0753
A02021I03,程控交换机产量_累计值,万线,330000,浙江省,202007,27.7806
A02021I03,程控交换机产量_累计值,万线,330000,浙江省,202006,23.5657
A02021I03,程控交换机产量_累计值,万线,330000,浙江省,202005,20.9076
A02021I03,程控交换机产量_累计值,万线,330000,浙江省,202004,17.9626
A02021I03,程控交换机产量_累计值,万线,330000,浙江省,202003,13.1714
A02021I03,程控交换机产量_累计值,万线,330000,浙江省,202002,5.5227
A02021I03,程控交换机产量_累计值,万线,330000,浙江省,201912,104.5674
A02021I03,程控交换机产量_累计值,万线,330000,浙江省,201911,93.4771
A02021I03,程控交换机产量_累计值,万线,330000,浙江省,201910,84.2178
A02021I03,程控交换机产量_累计值,万线,330000,浙江省,201909,78.0182
A02021I03,程控交换机产量_累计值,万线,330000,浙江省,201908,71.3506
A02021I03,程控交换机产量_累计值,万线,330000,浙江省,201907,63.5268
A02021I03,程控交换机产量_累计值,万线,330000,浙江省,201906,51.2951
A02021I03,程控交换机产量_累计值,万线,330000,浙江省,201905,39.466
A02021I03,程控交换机产量_累计值,万线,330000,浙江省,201904,29.8944
A02021I03,程控交换机产量_累计值,万线,330000,浙江省,201903,19.9562
A02021I03,程控交换机产量_累计值,万线,330000,浙江省,201902,10.9045
A02021I03,程控交换机产量_累计值,万线,330000,浙江省,201812,72.2987
A02021I03,程控交换机产量_累计值,万线,330000,浙江省,201811,59.7224
A02021I03,程控交换机产量_累计值,万线,330000,浙江省,201810,51.294
A02021I03,程控交换机产量_累计值,万线,330000,浙江省,201809,42.792
A02021I03,程控交换机产量_累计值,万线,330000,浙江省,201808,34.0773
A02021I03,程控交换机产量_累计值,万线,330000,浙江省,201807,26.4078
A02021I03,程控交换机产量_累计值,万线,330000,浙江省,201806,23.2735
A02021I03,程控交换机产量_累计值,万线,330000,浙江省,201805,18.7354
A02021I03,程控交换机产量_累计值,万线,330000,浙江省,201804,15.1514
A02021I03,程控交换机产量_累计值,万线,330000,浙江省,201803,11.2893
A02021I03,程控交换机产量_累计值,万线,330000,浙江省,201802,7.523
A02021I03,程控交换机产量_累计值,万线,330000,浙江省,201712,353.4954
A02021I03,程控交换机产量_累计值,万线,330000,浙江省,201711,319.0183
A02021I03,程控交换机产量_累计值,万线,330000,浙江省,201710,361.6234
A02021I03,程控交换机产量_累计值,万线,330000,浙江省,201709,336.7623
A02021I03,程控交换机产量_累计值,万线,330000,浙江省,201708,302.5793
A02021I03,程控交换机产量_累计值,万线,330000,浙江省,201707,267.58
A02021I03,程控交换机产量_累计值,万线,330000,浙江省,201706,220.2145
A02021I03,程控交换机产量_累计值,万线,330000,浙江省,201705,179.198
A02021I03,程控交换机产量_累计值,万线,330000,浙江省,201704,136.1147
A02021I03,程控交换机产量_累计值,万线,330000,浙江省,201703,95.919
A02021I03,程控交换机产量_累计值,万线,330000,浙江省,201702,55.4621
A02021I03,程控交换机产量_累计值,万线,330000,浙江省,201612,227.96841
A02021I03,程控交换机产量_累计值,万线,330000,浙江省,201611,188.21342
A02021I03,程控交换机产量_累计值,万线,330000,浙江省,201610,167.49379
A02021I03,程控交换机产量_累计值,万线,330000,浙江省,201609,152.40458
A02021I03,程控交换机产量_累计值,万线,330000,浙江省,201608,137.61668
A02021I03,程控交换机产量_累计值,万线,330000,浙江省,201607,126.15092
A02021I03,程控交换机产量_累计值,万线,330000,浙江省,201606,102.27
A02021I03,程控交换机产量_累计值,万线,330000,浙江省,201605,87.52502
A02021I03,程控交换机产量_累计值,万线,330000,浙江省,201604,68.76422
A02021I03,程控交换机产量_累计值,万线,330000,浙江省,201603,46.08592
A02021I03,程控交换机产量_累计值,万线,330000,浙江省,201602,29.42096
A02021I03,程控交换机产量_累计值,万线,330000,浙江省,201512,187.2847
A02021I03,程控交换机产量_累计值,万线,330000,浙江省,201511,160.8962
A02021I03,程控交换机产量_累计值,万线,330000,浙江省,201510,146.3903
A02021I03,程控交换机产量_累计值,万线,330000,浙江省,201509,130.7982
A02021I03,程控交换机产量_累计值,万线,330000,浙江省,201508,114.6476
A02021I03,程控交换机产量_累计值,万线,330000,浙江省,201507,98.0183
A02021I03,程控交换机产量_累计值,万线,330000,浙江省,201506,85.4397
A02021I03,程控交换机产量_累计值,万线,330000,浙江省,201505,70.4335
A02021I03,程控交换机产量_累计值,万线,330000,浙江省,201504,56.1407
A02021I03,程控交换机产量_累计值,万线,330000,浙江省,201503,40.5938
A02021I03,程控交换机产量_累计值,万线,330000,浙江省,201502,24.6997
A02021I01,程控交换机产量_当月值,万线,340000,安徽省,202012,0.0
A02021I01,程控交换机产量_当月值,万线,340000,安徽省,202011,0.0
A02021I01,程控交换机产量_当月值,万线,340000,安徽省,202010,0.0
A02021I01,程控交换机产量_当月值,万线,340000,安徽省,202009,0.0
A02021I01,程控交换机产量_当月值,万线,340000,安徽省,202008,0.0
A02021I01,程控交换机产量_当月值,万线,340000,安徽省,202007,0.0
A02021I01,程控交换机产量_当月值,万线,340000,安徽省,202006,0.0
A02021I01,程控交换机产量_当月值,万线,340000,安徽省,202005,0.0
A02021I01,程控交换机产量_当月值,万线,340000,安徽省,202004,0.0
A02021I01,程控交换机产量_当月值,万线,340000,安徽省,202003,0.0
A02021I01,程控交换机产量_当月值,万线,340000,安徽省,201912,0.0
A02021I01,程控交换机产量_当月值,万线,340000,安徽省,201911,0.0033
A02021I01,程控交换机产量_当月值,万线,340000,安徽省,201910,0.003
A02021I01,程控交换机产量_当月值,万线,340000,安徽省,201909,0.0028
A02021I01,程控交换机产量_当月值,万线,340000,安徽省,201908,0.0031
A02021I01,程控交换机产量_当月值,万线,340000,安徽省,201907,0.0039
A02021I01,程控交换机产量_当月值,万线,340000,安徽省,201906,0.0045
A02021I01,程控交换机产量_当月值,万线,340000,安徽省,201905,0.0037
A02021I01,程控交换机产量_当月值,万线,340000,安徽省,201904,0.0055
A02021I01,程控交换机产量_当月值,万线,340000,安徽省,201903,0.0052
A02021I01,程控交换机产量_当月值,万线,340000,安徽省,201812,0.0
A02021I01,程控交换机产量_当月值,万线,340000,安徽省,201811,0.0
A02021I01,程控交换机产量_当月值,万线,340000,安徽省,201810,0.0
A02021I01,程控交换机产量_当月值,万线,340000,安徽省,201809,0.0
A02021I01,程控交换机产量_当月值,万线,340000,安徽省,201808,0.0
A02021I01,程控交换机产量_当月值,万线,340000,安徽省,201807,0.0
A02021I01,程控交换机产量_当月值,万线,340000,安徽省,201806,0.0
A02021I01,程控交换机产量_当月值,万线,340000,安徽省,201805,0.0
A02021I01,程控交换机产量_当月值,万线,340000,安徽省,201804,0.0
A02021I01,程控交换机产量_当月值,万线,340000,安徽省,201803,0.0
A02021I01,程控交换机产量_当月值,万线,340000,安徽省,201712,0.0
A02021I01,程控交换机产量_当月值,万线,340000,安徽省,201711,0.0
A02021I01,程控交换机产量_当月值,万线,340000,安徽省,201710,0.0
A02021I01,程控交换机产量_当月值,万线,340000,安徽省,201709,0.0
A02021I01,程控交换机产量_当月值,万线,340000,安徽省,201708,0.0
A02021I01,程控交换机产量_当月值,万线,340000,安徽省,201707,0.0
A02021I01,程控交换机产量_当月值,万线,340000,安徽省,201706,0.0
A02021I01,程控交换机产量_当月值,万线,340000,安徽省,201705,0.0
A02021I01,程控交换机产量_当月值,万线,340000,安徽省,201704,0.0
A02021I01,程控交换机产量_当月值,万线,340000,安徽省,201703,0.0
A02021I01,程控交换机产量_当月值,万线,340000,安徽省,201612,0.0
A02021I01,程控交换机产量_当月值,万线,340000,安徽省,201611,0.0
A02021I01,程控交换机产量_当月值,万线,340000,安徽省,201610,0.0
A02021I01,程控交换机产量_当月值,万线,340000,安徽省,201609,0.0
A02021I01,程控交换机产量_当月值,万线,340000,安徽省,201608,0.0
A02021I01,程控交换机产量_当月值,万线,340000,安徽省,201607,0.0
A02021I01,程控交换机产量_当月值,万线,340000,安徽省,201606,0.0
A02021I01,程控交换机产量_当月值,万线,340000,安徽省,201605,0.0
A02021I01,程控交换机产量_当月值,万线,340000,安徽省,201508,0.4781
A02021I01,程控交换机产量_当月值,万线,340000,安徽省,201507,0.4653
A02021I01,程控交换机产量_当月值,万线,340000,安徽省,201506,0.4593
A02021I01,程控交换机产量_当月值,万线,340000,安徽省,201505,0.4451
A02021I01,程控交换机产量_当月值,万线,340000,安徽省,201504,0.4402
A02021I01,程控交换机产量_当月值,万线,340000,安徽省,201503,0.4459
A02021I03,程控交换机产量_累计值,万线,340000,安徽省,202102,0.0
A02021I03,程控交换机产量_累计值,万线,340000,安徽省,202012,0.0
A02021I03,程控交换机产量_累计值,万线,340000,安徽省,202011,0.0
A02021I03,程控交换机产量_累计值,万线,340000,安徽省,202010,0.0
A02021I03,程控交换机产量_累计值,万线,340000,安徽省,202009,0.0
A02021I03,程控交换机产量_累计值,万线,340000,安徽省,202008,0.0
A02021I03,程控交换机产量_累计值,万线,340000,安徽省,202007,0.0
A02021I03,程控交换机产量_累计值,万线,340000,安徽省,202006,0.0
A02021I03,程控交换机产量_累计值,万线,340000,安徽省,202005,0.0
A02021I03,程控交换机产量_累计值,万线,340000,安徽省,202004,0.0
A02021I03,程控交换机产量_累计值,万线,340000,安徽省,202003,0.0
A02021I03,程控交换机产量_累计值,万线,340000,安徽省,201912,0.0
A02021I03,程控交换机产量_累计值,万线,340000,安徽省,201911,0.0426
A02021I03,程控交换机产量_累计值,万线,340000,安徽省,201910,0.0393
A02021I03,程控交换机产量_累计值,万线,340000,安徽省,201909,0.0363
A02021I03,程控交换机产量_累计值,万线,340000,安徽省,201908,0.0335
A02021I03,程控交换机产量_累计值,万线,340000,安徽省,201907,0.0304
A02021I03,程控交换机产量_累计值,万线,340000,安徽省,201906,0.0265
A02021I03,程控交换机产量_累计值,万线,340000,安徽省,201905,0.022
A02021I03,程控交换机产量_累计值,万线,340000,安徽省,201904,0.0185
A02021I03,程控交换机产量_累计值,万线,340000,安徽省,201903,0.013
A02021I03,程控交换机产量_累计值,万线,340000,安徽省,201902,0.0
A02021I03,程控交换机产量_累计值,万线,340000,安徽省,201812,0.0
A02021I03,程控交换机产量_累计值,万线,340000,安徽省,201811,0.0
A02021I03,程控交换机产量_累计值,万线,340000,安徽省,201810,0.0
A02021I03,程控交换机产量_累计值,万线,340000,安徽省,201809,0.0
A02021I03,程控交换机产量_累计值,万线,340000,安徽省,201808,0.0
A02021I03,程控交换机产量_累计值,万线,340000,安徽省,201807,0.0
A02021I03,程控交换机产量_累计值,万线,340000,安徽省,201806,0.0
A02021I03,程控交换机产量_累计值,万线,340000,安徽省,201805,0.0
A02021I03,程控交换机产量_累计值,万线,340000,安徽省,201804,0.0
A02021I03,程控交换机产量_累计值,万线,340000,安徽省,201803,0.0
A02021I03,程控交换机产量_累计值,万线,340000,安徽省,201802,0.0
A02021I03,程控交换机产量_累计值,万线,340000,安徽省,201712,0.0
A02021I03,程控交换机产量_累计值,万线,340000,安徽省,201711,0.0
A02021I03,程控交换机产量_累计值,万线,340000,安徽省,201710,0.0
A02021I03,程控交换机产量_累计值,万线,340000,安徽省,201709,0.0
A02021I03,程控交换机产量_累计值,万线,340000,安徽省,201708,0.0
A02021I03,程控交换机产量_累计值,万线,340000,安徽省,201707,0.0
A02021I03,程控交换机产量_累计值,万线,340000,安徽省,201706,0.0
A02021I03,程控交换机产量_累计值,万线,340000,安徽省,201705,0.0
A02021I03,程控交换机产量_累计值,万线,340000,安徽省,201704,0.0
A02021I03,程控交换机产量_累计值,万线,340000,安徽省,201703,0.0
A02021I03,程控交换机产量_累计值,万线,340000,安徽省,201702,0.0
A02021I03,程控交换机产量_累计值,万线,340000,安徽省,201612,0.0
A02021I03,程控交换机产量_累计值,万线,340000,安徽省,201611,0.0
A02021I03,程控交换机产量_累计值,万线,340000,安徽省,201610,0.0
A02021I03,程控交换机产量_累计值,万线,340000,安徽省,201609,0.0
A02021I03,程控交换机产量_累计值,万线,340000,安徽省,201608,0.0
A02021I03,程控交换机产量_累计值,万线,340000,安徽省,201607,0.0
A02021I03,程控交换机产量_累计值,万线,340000,安徽省,201606,0.0
A02021I03,程控交换机产量_累计值,万线,340000,安徽省,201605,0.0
A02021I03,程控交换机产量_累计值,万线,340000,安徽省,201508,3.5553
A02021I03,程控交换机产量_累计值,万线,340000,安徽省,201507,3.0772
A02021I03,程控交换机产量_累计值,万线,340000,安徽省,201506,2.6119
A02021I03,程控交换机产量_累计值,万线,340000,安徽省,201505,2.1526
A02021I03,程控交换机产量_累计值,万线,340000,安徽省,201504,1.7075
A02021I03,程控交换机产量_累计值,万线,340000,安徽省,201503,1.2673
A02021I03,程控交换机产量_累计值,万线,340000,安徽省,201502,0.8214
A02021I01,程控交换机产量_当月值,万线,350000,福建省,202103,0.0
A02021I01,程控交换机产量_当月值,万线,350000,福建省,202010,5.2
A02021I01,程控交换机产量_当月值,万线,350000,福建省,202009,3.5005
A02021I01,程控交换机产量_当月值,万线,350000,福建省,202008,4.264
A02021I01,程控交换机产量_当月值,万线,350000,福建省,202007,3.412
A02021I01,程控交换机产量_当月值,万线,350000,福建省,202006,3.3818
A02021I01,程控交换机产量_当月值,万线,350000,福建省,202005,2.97
A02021I01,程控交换机产量_当月值,万线,350000,福建省,202004,2.768
A02021I01,程控交换机产量_当月值,万线,350000,福建省,202003,0.5
A02021I01,程控交换机产量_当月值,万线,350000,福建省,201903,0.0
A02021I01,程控交换机产量_当月值,万线,350000,福建省,201803,0.7043
A02021I01,程控交换机产量_当月值,万线,350000,福建省,201612,0.0
A02021I01,程控交换机产量_当月值,万线,350000,福建省,201611,0.0
A02021I01,程控交换机产量_当月值,万线,350000,福建省,201610,0.0
A02021I01,程控交换机产量_当月值,万线,350000,福建省,201609,0.0
A02021I01,程控交换机产量_当月值,万线,350000,福建省,201608,0.0
A02021I01,程控交换机产量_当月值,万线,350000,福建省,201607,0.0
A02021I01,程控交换机产量_当月值,万线,350000,福建省,201606,0.0
A02021I01,程控交换机产量_当月值,万线,350000,福建省,201605,0.0
A02021I03,程控交换机产量_累计值,万线,350000,福建省,202202,0.0
A02021I03,程控交换机产量_累计值,万线,350000,福建省,202103,0.0
A02021I03,程控交换机产量_累计值,万线,350000,福建省,202102,0.0
A02021I03,程控交换机产量_累计值,万线,350000,福建省,202010,50.3288
A02021I03,程控交换机产量_累计值,万线,350000,福建省,202009,45.1288
A02021I03,程控交换机产量_累计值,万线,350000,福建省,202008,41.6283
A02021I03,程控交换机产量_累计值,万线,350000,福建省,202007,37.3643
A02021I03,程控交换机产量_累计值,万线,350000,福建省,202006,33.9523
A02021I03,程控交换机产量_累计值,万线,350000,福建省,202005,30.5705
A02021I03,程控交换机产量_累计值,万线,350000,福建省,202004,27.6005
A02021I03,程控交换机产量_累计值,万线,350000,福建省,202003,24.8325
A02021I03,程控交换机产量_累计值,万线,350000,福建省,202002,0.0
A02021I03,程控交换机产量_累计值,万线,350000,福建省,201903,0.0
A02021I03,程控交换机产量_累计值,万线,350000,福建省,201902,0.0
A02021I03,程控交换机产量_累计值,万线,350000,福建省,201803,1.3788
A02021I03,程控交换机产量_累计值,万线,350000,福建省,201802,0.6745
A02021I03,程控交换机产量_累计值,万线,350000,福建省,201612,0.0
A02021I03,程控交换机产量_累计值,万线,350000,福建省,201611,0.0
A02021I03,程控交换机产量_累计值,万线,350000,福建省,201610,0.0
A02021I03,程控交换机产量_累计值,万线,350000,福建省,201609,0.0
A02021I03,程控交换机产量_累计值,万线,350000,福建省,201608,0.0
A02021I03,程控交换机产量_累计值,万线,350000,福建省,201607,0.0
A02021I03,程控交换机产量_累计值,万线,350000,福建省,201606,0.0
A02021I03,程控交换机产量_累计值,万线,350000,福建省,201605,0.0
A02021I01,程控交换机产量_当月值,万线,360000,江西省,201612,0.0
A02021I01,程控交换机产量_当月值,万线,360000,江西省,201611,0.0
A02021I01,程控交换机产量_当月值,万线,360000,江西省,201610,0.0
A02021I01,程控交换机产量_当月值,万线,360000,江西省,201609,0.0
A02021I01,程控交换机产量_当月值,万线,360000,江西省,201608,0.0
A02021I01,程控交换机产量_当月值,万线,360000,江西省,201607,0.0
A02021I01,程控交换机产量_当月值,万线,360000,江西省,201606,0.0
A02021I01,程控交换机产量_当月值,万线,360000,江西省,201605,0.0
A02021I03,程控交换机产量_累计值,万线,360000,江西省,202102,0.0
A02021I03,程控交换机产量_累计值,万线,360000,江西省,201612,0.0
A02021I03,程控交换机产量_累计值,万线,360000,江西省,201611,0.0
A02021I03,程控交换机产量_累计值,万线,360000,江西省,201610,0.0
A02021I03,程控交换机产量_累计值,万线,360000,江西省,201609,0.0
A02021I03,程控交换机产量_累计值,万线,360000,江西省,201608,0.0
A02021I03,程控交换机产量_累计值,万线,360000,江西省,201607,0.0
A02021I03,程控交换机产量_累计值,万线,360000,江西省,201606,0.0
A02021I03,程控交换机产量_累计值,万线,360000,江西省,201605,0.0
A02021I01,程控交换机产量_当月值,万线,370000,山东省,201612,0.0
A02021I01,程控交换机产量_当月值,万线,370000,山东省,201611,0.0
A02021I01,程控交换机产量_当月值,万线,370000,山东省,201610,0.0
A02021I01,程控交换机产量_当月值,万线,370000,山东省,201609,0.0
A02021I01,程控交换机产量_当月值,万线,370000,山东省,201608,0.0
A02021I01,程控交换机产量_当月值,万线,370000,山东省,201607,0.0
A02021I01,程控交换机产量_当月值,万线,370000,山东省,201606,0.0
A02021I01,程控交换机产量_当月值,万线,370000,山东省,201605,0.0
A02021I03,程控交换机产量_累计值,万线,370000,山东省,202102,0.0
A02021I03,程控交换机产量_累计值,万线,370000,山东省,201612,0.0
A02021I03,程控交换机产量_累计值,万线,370000,山东省,201611,0.0
A02021I03,程控交换机产量_累计值,万线,370000,山东省,201610,0.0
A02021I03,程控交换机产量_累计值,万线,370000,山东省,201609,0.0
A02021I03,程控交换机产量_累计值,万线,370000,山东省,201608,0.0
A02021I03,程控交换机产量_累计值,万线,370000,山东省,201607,0.0
A02021I03,程控交换机产量_累计值,万线,370000,山东省,201606,0.0
A02021I03,程控交换机产量_累计值,万线,370000,山东省,201605,0.0
A02021I03,程控交换机产量_累计值,万线,370000,山东省,201502,4.9628
A02021I01,程控交换机产量_当月值,万线,410000,河南省,202112,0.0512
A02021I01,程控交换机产量_当月值,万线,410000,河南省,202111,0.0512
A02021I01,程控交换机产量_当月值,万线,410000,河南省,202110,0.0768
A02021I01,程控交换机产量_当月值,万线,410000,河南省,202109,0.048
A02021I01,程控交换机产量_当月值,万线,410000,河南省,202108,0.0512
A02021I01,程控交换机产量_当月值,万线,410000,河南省,202107,0.0496
A02021I01,程控交换机产量_当月值,万线,410000,河南省,202106,0.0001
A02021I01,程控交换机产量_当月值,万线,410000,河南省,202105,0.0002
A02021I01,程控交换机产量_当月值,万线,410000,河南省,202104,0.0001
A02021I01,程控交换机产量_当月值,万线,410000,河南省,202103,0.0001
A02021I01,程控交换机产量_当月值,万线,410000,河南省,202012,0.0002
A02021I01,程控交换机产量_当月值,万线,410000,河南省,202011,0.0004
A02021I01,程控交换机产量_当月值,万线,410000,河南省,202010,0.0004
A02021I01,程控交换机产量_当月值,万线,410000,河南省,202009,0.0003
A02021I01,程控交换机产量_当月值,万线,410000,河南省,202008,0.0003
A02021I01,程控交换机产量_当月值,万线,410000,河南省,202007,0.0003
A02021I01,程控交换机产量_当月值,万线,410000,河南省,202006,0.0003
A02021I01,程控交换机产量_当月值,万线,410000,河南省,202005,0.0003
A02021I01,程控交换机产量_当月值,万线,410000,河南省,202004,0.0001
A02021I01,程控交换机产量_当月值,万线,410000,河南省,202003,0.0001
A02021I01,程控交换机产量_当月值,万线,410000,河南省,201612,0.0
A02021I01,程控交换机产量_当月值,万线,410000,河南省,201611,0.0
A02021I01,程控交换机产量_当月值,万线,410000,河南省,201610,0.0
A02021I01,程控交换机产量_当月值,万线,410000,河南省,201609,0.0
A02021I01,程控交换机产量_当月值,万线,410000,河南省,201608,0.0
A02021I01,程控交换机产量_当月值,万线,410000,河南省,201607,0.0
A02021I01,程控交换机产量_当月值,万线,410000,河南省,201606,0.0
A02021I01,程控交换机产量_当月值,万线,410000,河南省,201605,0.0
A02021I03,程控交换机产量_累计值,万线,410000,河南省,202202,0.152
A02021I03,程控交换机产量_累计值,万线,410000,河南省,202112,0.424
A02021I03,程控交换机产量_累计值,万线,410000,河南省,202111,0.3728
A02021I03,程控交换机产量_累计值,万线,410000,河南省,202110,0.3216
A02021I03,程控交换机产量_累计值,万线,410000,河南省,202109,0.2448
A02021I03,程控交换机产量_累计值,万线,410000,河南省,202108,0.1968
A02021I03,程控交换机产量_累计值,万线,410000,河南省,202107,0.1456
A02021I03,程控交换机产量_累计值,万线,410000,河南省,202106,0.0007
A02021I03,程控交换机产量_累计值,万线,410000,河南省,202105,0.0006
A02021I03,程控交换机产量_累计值,万线,410000,河南省,202104,0.0004
A02021I03,程控交换机产量_累计值,万线,410000,河南省,202103,0.0003
A02021I03,程控交换机产量_累计值,万线,410000,河南省,202102,0.0002
A02021I03,程控交换机产量_累计值,万线,410000,河南省,202012,0.0029
A02021I03,程控交换机产量_累计值,万线,410000,河南省,202011,0.0027
A02021I03,程控交换机产量_累计值,万线,410000,河南省,202010,0.0023
A02021I03,程控交换机产量_累计值,万线,410000,河南省,202009,0.0019
A02021I03,程控交换机产量_累计值,万线,410000,河南省,202008,0.0016
A02021I03,程控交换机产量_累计值,万线,410000,河南省,202007,0.0013
A02021I03,程控交换机产量_累计值,万线,410000,河南省,202006,0.001
A02021I03,程控交换机产量_累计值,万线,410000,河南省,202005,0.0007
A02021I03,程控交换机产量_累计值,万线,410000,河南省,202004,0.0004
A02021I03,程控交换机产量_累计值,万线,410000,河南省,202003,0.0003
A02021I03,程控交换机产量_累计值,万线,410000,河南省,202002,0.0002
A02021I03,程控交换机产量_累计值,万线,410000,河南省,201612,0.0
A02021I03,程控交换机产量_累计值,万线,410000,河南省,201611,0.0
A02021I03,程控交换机产量_累计值,万线,410000,河南省,201610,0.0
A02021I03,程控交换机产量_累计值,万线,410000,河南省,201609,0.0
A02021I03,程控交换机产量_累计值,万线,410000,河南省,201608,0.0
A02021I03,程控交换机产量_累计值,万线,410000,河南省,201607,0.0
A02021I03,程控交换机产量_累计值,万线,410000,河南省,201606,0.0
A02021I03,程控交换机产量_累计值,万线,410000,河南省,201605,0.0
A02021I01,程控交换机产量_当月值,万线,420000,湖北省,202103,0.0
A02021I01,程控交换机产量_当月值,万线,420000,湖北省,202003,0.06
A02021I01,程控交换机产量_当月值,万线,420000,湖北省,201612,0.0
A02021I01,程控交换机产量_当月值,万线,420000,湖北省,201611,0.0
A02021I01,程控交换机产量_当月值,万线,420000,湖北省,201610,0.0
A02021I01,程控交换机产量_当月值,万线,420000,湖北省,201609,0.0
A02021I01,程控交换机产量_当月值,万线,420000,湖北省,201608,0.0
A02021I01,程控交换机产量_当月值,万线,420000,湖北省,201607,0.0
A02021I01,程控交换机产量_当月值,万线,420000,湖北省,201606,0.0
A02021I01,程控交换机产量_当月值,万线,420000,湖北省,201605,0.0
A02021I01,程控交换机产量_当月值,万线,420000,湖北省,201509,0.0
A02021I01,程控交换机产量_当月值,万线,420000,湖北省,201508,0.0
A02021I01,程控交换机产量_当月值,万线,420000,湖北省,201507,0.0
A02021I03,程控交换机产量_累计值,万线,420000,湖北省,202103,0.0
A02021I03,程控交换机产量_累计值,万线,420000,湖北省,202102,0.0
A02021I03,程控交换机产量_累计值,万线,420000,湖北省,202003,0.18
A02021I03,程控交换机产量_累计值,万线,420000,湖北省,201612,0.0
A02021I03,程控交换机产量_累计值,万线,420000,湖北省,201611,0.0
A02021I03,程控交换机产量_累计值,万线,420000,湖北省,201610,0.0
A02021I03,程控交换机产量_累计值,万线,420000,湖北省,201609,0.0
A02021I03,程控交换机产量_累计值,万线,420000,湖北省,201608,0.0
A02021I03,程控交换机产量_累计值,万线,420000,湖北省,201607,0.0
A02021I03,程控交换机产量_累计值,万线,420000,湖北省,201606,0.0
A02021I03,程控交换机产量_累计值,万线,420000,湖北省,201605,0.0
A02021I03,程控交换机产量_累计值,万线,420000,湖北省,201509,0.0
A02021I03,程控交换机产量_累计值,万线,420000,湖北省,201508,0.0
A02021I03,程控交换机产量_累计值,万线,420000,湖北省,201507,0.0
A02021I01,程控交换机产量_当月值,万线,430000,湖南省,202112,0.0
A02021I01,程控交换机产量_当月值,万线,430000,湖南省,202111,0.0
A02021I01,程控交换机产量_当月值,万线,430000,湖南省,202110,0.0
A02021I01,程控交换机产量_当月值,万线,430000,湖南省,202109,0.0
A02021I01,程控交换机产量_当月值,万线,430000,湖南省,202108,0.0
A02021I01,程控交换机产量_当月值,万线,430000,湖南省,202107,0.0
A02021I01,程控交换机产量_当月值,万线,430000,湖南省,202106,0.0
A02021I01,程控交换机产量_当月值,万线,430000,湖南省,202105,0.0
A02021I01,程控交换机产量_当月值,万线,430000,湖南省,202104,0.0
A02021I01,程控交换机产量_当月值,万线,430000,湖南省,202103,0.0
A02021I01,程控交换机产量_当月值,万线,430000,湖南省,202012,0.0
A02021I01,程控交换机产量_当月值,万线,430000,湖南省,202011,0.0
A02021I01,程控交换机产量_当月值,万线,430000,湖南省,202010,0.0
A02021I01,程控交换机产量_当月值,万线,430000,湖南省,202009,0.0
A02021I01,程控交换机产量_当月值,万线,430000,湖南省,202008,0.0
A02021I01,程控交换机产量_当月值,万线,430000,湖南省,202007,0.0
A02021I01,程控交换机产量_当月值,万线,430000,湖南省,202006,0.0
A02021I01,程控交换机产量_当月值,万线,430000,湖南省,202005,0.0
A02021I01,程控交换机产量_当月值,万线,430000,湖南省,202004,0.0
A02021I01,程控交换机产量_当月值,万线,430000,湖南省,202003,0.0
A02021I01,程控交换机产量_当月值,万线,430000,湖南省,201912,0.0
A02021I01,程控交换机产量_当月值,万线,430000,湖南省,201911,0.4259
A02021I01,程控交换机产量_当月值,万线,430000,湖南省,201910,0.0417
A02021I01,程控交换机产量_当月值,万线,430000,湖南省,201909,0.6344
A02021I01,程控交换机产量_当月值,万线,430000,湖南省,201908,0.0795
A02021I01,程控交换机产量_当月值,万线,430000,湖南省,201907,0.1637
A02021I01,程控交换机产量_当月值,万线,430000,湖南省,201906,0.1121
A02021I01,程控交换机产量_当月值,万线,430000,湖南省,201905,0.1283
A02021I01,程控交换机产量_当月值,万线,430000,湖南省,201904,0.2755
A02021I01,程控交换机产量_当月值,万线,430000,湖南省,201903,0.1673
A02021I01,程控交换机产量_当月值,万线,430000,湖南省,201812,0.3351
A02021I01,程控交换机产量_当月值,万线,430000,湖南省,201811,0.3278
A02021I01,程控交换机产量_当月值,万线,430000,湖南省,201810,0.3215
A02021I01,程控交换机产量_当月值,万线,430000,湖南省,201809,0.2654
A02021I01,程控交换机产量_当月值,万线,430000,湖南省,201808,0.2853
A02021I01,程控交换机产量_当月值,万线,430000,湖南省,201807,0.2614
A02021I01,程控交换机产量_当月值,万线,430000,湖南省,201806,0.3579
A02021I01,程控交换机产量_当月值,万线,430000,湖南省,201805,0.2356
A02021I01,程控交换机产量_当月值,万线,430000,湖南省,201804,0.2671
A02021I01,程控交换机产量_当月值,万线,430000,湖南省,201803,0.2269
A02021I01,程控交换机产量_当月值,万线,430000,湖南省,201712,0.3971
A02021I01,程控交换机产量_当月值,万线,430000,湖南省,201711,0.3258
A02021I01,程控交换机产量_当月值,万线,430000,湖南省,201710,0.3142
A02021I01,程控交换机产量_当月值,万线,430000,湖南省,201709,0.2549
A02021I01,程控交换机产量_当月值,万线,430000,湖南省,201708,0.2663
A02021I01,程控交换机产量_当月值,万线,430000,湖南省,201707,0.2421
A02021I01,程控交换机产量_当月值,万线,430000,湖南省,201706,0.234
A02021I01,程控交换机产量_当月值,万线,430000,湖南省,201705,0.2247
A02021I01,程控交换机产量_当月值,万线,430000,湖南省,201704,0.2487
A02021I01,程控交换机产量_当月值,万线,430000,湖南省,201703,0.2056
A02021I01,程控交换机产量_当月值,万线,430000,湖南省,201612,0.4749
A02021I01,程控交换机产量_当月值,万线,430000,湖南省,201611,0.4849
A02021I01,程控交换机产量_当月值,万线,430000,湖南省,201610,0.4756
A02021I01,程控交换机产量_当月值,万线,430000,湖南省,201609,0.474
A02021I01,程控交换机产量_当月值,万线,430000,湖南省,201608,0.425
A02021I01,程控交换机产量_当月值,万线,430000,湖南省,201607,0.42
A02021I01,程控交换机产量_当月值,万线,430000,湖南省,201606,0.3533
A02021I01,程控交换机产量_当月值,万线,430000,湖南省,201605,0.198
A02021I01,程控交换机产量_当月值,万线,430000,湖南省,201604,0.23
A02021I01,程控交换机产量_当月值,万线,430000,湖南省,201603,0.15
A02021I01,程控交换机产量_当月值,万线,430000,湖南省,201512,0.2538
A02021I01,程控交换机产量_当月值,万线,430000,湖南省,201511,0.375
A02021I01,程控交换机产量_当月值,万线,430000,湖南省,201510,0.415
A02021I01,程控交换机产量_当月值,万线,430000,湖南省,201509,0.41
A02021I01,程控交换机产量_当月值,万线,430000,湖南省,201508,0.425
A02021I01,程控交换机产量_当月值,万线,430000,湖南省,201507,0.465
A02021I01,程控交换机产量_当月值,万线,430000,湖南省,201506,0.4003
A02021I01,程控交换机产量_当月值,万线,430000,湖南省,201505,0.19
A02021I01,程控交换机产量_当月值,万线,430000,湖南省,201504,0.2025
A02021I01,程控交换机产量_当月值,万线,430000,湖南省,201503,0.134
A02021I03,程控交换机产量_累计值,万线,430000,湖南省,202202,21.7858
A02021I03,程控交换机产量_累计值,万线,430000,湖南省,202112,0.0
A02021I03,程控交换机产量_累计值,万线,430000,湖南省,202111,0.0
A02021I03,程控交换机产量_累计值,万线,430000,湖南省,202110,0.0
A02021I03,程控交换机产量_累计值,万线,430000,湖南省,202109,0.0
A02021I03,程控交换机产量_累计值,万线,430000,湖南省,202108,0.0
A02021I03,程控交换机产量_累计值,万线,430000,湖南省,202107,0.0
A02021I03,程控交换机产量_累计值,万线,430000,湖南省,202106,0.0
A02021I03,程控交换机产量_累计值,万线,430000,湖南省,202105,0.0
A02021I03,程控交换机产量_累计值,万线,430000,湖南省,202104,0.0
A02021I03,程控交换机产量_累计值,万线,430000,湖南省,202103,0.0
A02021I03,程控交换机产量_累计值,万线,430000,湖南省,202102,0.0
A02021I03,程控交换机产量_累计值,万线,430000,湖南省,202012,0.0
A02021I03,程控交换机产量_累计值,万线,430000,湖南省,202011,0.0
A02021I03,程控交换机产量_累计值,万线,430000,湖南省,202010,0.0
A02021I03,程控交换机产量_累计值,万线,430000,湖南省,202009,0.0
A02021I03,程控交换机产量_累计值,万线,430000,湖南省,202008,0.0
A02021I03,程控交换机产量_累计值,万线,430000,湖南省,202007,0.0
A02021I03,程控交换机产量_累计值,万线,430000,湖南省,202006,0.0
A02021I03,程控交换机产量_累计值,万线,430000,湖南省,202005,0.0
A02021I03,程控交换机产量_累计值,万线,430000,湖南省,202004,0.0
A02021I03,程控交换机产量_累计值,万线,430000,湖南省,202003,0.0
A02021I03,程控交换机产量_累计值,万线,430000,湖南省,202002,0.0
A02021I03,程控交换机产量_累计值,万线,430000,湖南省,201912,0.0
A02021I03,程控交换机产量_累计值,万线,430000,湖南省,201911,2.1334
A02021I03,程控交换机产量_累计值,万线,430000,湖南省,201910,1.7075
A02021I03,程控交换机产量_累计值,万线,430000,湖南省,201909,1.6658
A02021I03,程控交换机产量_累计值,万线,430000,湖南省,201908,1.0314
A02021I03,程控交换机产量_累计值,万线,430000,湖南省,201907,0.9519
A02021I03,程控交换机产量_累计值,万线,430000,湖南省,201906,0.7882
A02021I03,程控交换机产量_累计值,万线,430000,湖南省,201905,0.6761
A02021I03,程控交换机产量_累计值,万线,430000,湖南省,201904,0.5478
A02021I03,程控交换机产量_累计值,万线,430000,湖南省,201903,0.2723
A02021I03,程控交换机产量_累计值,万线,430000,湖南省,201902,0.105
A02021I03,程控交换机产量_累计值,万线,430000,湖南省,201812,3.1645
A02021I03,程控交换机产量_累计值,万线,430000,湖南省,201811,2.8294
A02021I03,程控交换机产量_累计值,万线,430000,湖南省,201810,2.5016
A02021I03,程控交换机产量_累计值,万线,430000,湖南省,201809,2.1801
A02021I03,程控交换机产量_累计值,万线,430000,湖南省,201808,1.9147
A02021I03,程控交换机产量_累计值,万线,430000,湖南省,201807,1.6294
A02021I03,程控交换机产量_累计值,万线,430000,湖南省,201806,1.368
A02021I03,程控交换机产量_累计值,万线,430000,湖南省,201805,1.0101
A02021I03,程控交换机产量_累计值,万线,430000,湖南省,201804,0.7745
A02021I03,程控交换机产量_累计值,万线,430000,湖南省,201803,0.5074
A02021I03,程控交换机产量_累计值,万线,430000,湖南省,201802,0.2805
A02021I03,程控交换机产量_累计值,万线,430000,湖南省,201712,3.0074
A02021I03,程控交换机产量_累计值,万线,430000,湖南省,201711,2.6103
A02021I03,程控交换机产量_累计值,万线,430000,湖南省,201710,2.2845
A02021I03,程控交换机产量_累计值,万线,430000,湖南省,201709,1.9703
A02021I03,程控交换机产量_累计值,万线,430000,湖南省,201708,1.7154
A02021I03,程控交换机产量_累计值,万线,430000,湖南省,201707,1.4491
A02021I03,程控交换机产量_累计值,万线,430000,湖南省,201706,1.207
A02021I03,程控交换机产量_累计值,万线,430000,湖南省,201705,0.973
A02021I03,程控交换机产量_累计值,万线,430000,湖南省,201704,0.7483
A02021I03,程控交换机产量_累计值,万线,430000,湖南省,201703,0.4996
A02021I03,程控交换机产量_累计值,万线,430000,湖南省,201702,0.294
A02021I03,程控交换机产量_累计值,万线,430000,湖南省,201612,3.9316
A02021I03,程控交换机产量_累计值,万线,430000,湖南省,201611,3.4567
A02021I03,程控交换机产量_累计值,万线,430000,湖南省,201610,2.9718
A02021I03,程控交换机产量_累计值,万线,430000,湖南省,201609,2.4962
A02021I03,程控交换机产量_累计值,万线,430000,湖南省,201608,2.0222
A02021I03,程控交换机产量_累计值,万线,430000,湖南省,201607,1.5972
A02021I03,程控交换机产量_累计值,万线,430000,湖南省,201606,1.1772
A02021I03,程控交换机产量_累计值,万线,430000,湖南省,201605,0.8239
A02021I03,程控交换机产量_累计值,万线,430000,湖南省,201604,0.6259
A02021I03,程控交换机产量_累计值,万线,430000,湖南省,201603,0.3959
A02021I03,程控交换机产量_累计值,万线,430000,湖南省,201602,0.2459
A02021I03,程控交换机产量_累计值,万线,430000,湖南省,201512,3.4941
A02021I03,程控交换机产量_累计值,万线,430000,湖南省,201511,3.2403
A02021I03,程控交换机产量_累计值,万线,430000,湖南省,201510,2.8653
A02021I03,程控交换机产量_累计值,万线,430000,湖南省,201509,2.4503
A02021I03,程控交换机产量_累计值,万线,430000,湖南省,201508,2.0403
A02021I03,程控交换机产量_累计值,万线,430000,湖南省,201507,1.6153
A02021I03,程控交换机产量_累计值,万线,430000,湖南省,201506,1.1503
A02021I03,程控交换机产量_累计值,万线,430000,湖南省,201505,0.75
A02021I03,程控交换机产量_累计值,万线,430000,湖南省,201504,0.56
A02021I03,程控交换机产量_累计值,万线,430000,湖南省,201503,0.3575
A02021I03,程控交换机产量_累计值,万线,430000,湖南省,201502,0.2235
A02021I01,程控交换机产量_当月值,万线,440000,广东省,202112,56.5206
A02021I01,程控交换机产量_当月值,万线,440000,广东省,202111,42.3579
A02021I01,程控交换机产量_当月值,万线,440000,广东省,202110,67.8196
A02021I01,程控交换机产量_当月值,万线,440000,广东省,202109,62.0633
A02021I01,程控交换机产量_当月值,万线,440000,广东省,202108,43.1804
A02021I01,程控交换机产量_当月值,万线,440000,广东省,202107,71.5367
A02021I01,程控交换机产量_当月值,万线,440000,广东省,202106,55.3774
A02021I01,程控交换机产量_当月值,万线,440000,广东省,202105,32.3445
A02021I01,程控交换机产量_当月值,万线,440000,广东省,202104,41.7461
A02021I01,程控交换机产量_当月值,万线,440000,广东省,202103,54.749
A02021I01,程控交换机产量_当月值,万线,440000,广东省,202012,48.9378
A02021I01,程控交换机产量_当月值,万线,440000,广东省,202011,40.0281
A02021I01,程控交换机产量_当月值,万线,440000,广东省,202010,30.7561
A02021I01,程控交换机产量_当月值,万线,440000,广东省,202009,34.736
A02021I01,程控交换机产量_当月值,万线,440000,广东省,202008,49.5604
A02021I01,程控交换机产量_当月值,万线,440000,广东省,202007,61.7735
A02021I01,程控交换机产量_当月值,万线,440000,广东省,202006,70.2549
A02021I01,程控交换机产量_当月值,万线,440000,广东省,202005,71.4289
A02021I01,程控交换机产量_当月值,万线,440000,广东省,202004,73.5214
A02021I01,程控交换机产量_当月值,万线,440000,广东省,202003,58.6807
A02021I01,程控交换机产量_当月值,万线,440000,广东省,201912,54.988
A02021I01,程控交换机产量_当月值,万线,440000,广东省,201911,53.8879
A02021I01,程控交换机产量_当月值,万线,440000,广东省,201910,64.2383
A02021I01,程控交换机产量_当月值,万线,440000,广东省,201909,53.9863
A02021I01,程控交换机产量_当月值,万线,440000,广东省,201908,51.4373
A02021I01,程控交换机产量_当月值,万线,440000,广东省,201907,45.4539
A02021I01,程控交换机产量_当月值,万线,440000,广东省,201906,55.9974
A02021I01,程控交换机产量_当月值,万线,440000,广东省,201905,52.3188
A02021I01,程控交换机产量_当月值,万线,440000,广东省,201904,60.3542
A02021I01,程控交换机产量_当月值,万线,440000,广东省,201903,67.8611
A02021I01,程控交换机产量_当月值,万线,440000,广东省,201812,80.8513
A02021I01,程控交换机产量_当月值,万线,440000,广东省,201811,93.6787
A02021I01,程控交换机产量_当月值,万线,440000,广东省,201810,90.7781
A02021I01,程控交换机产量_当月值,万线,440000,广东省,201809,47.3287
A02021I01,程控交换机产量_当月值,万线,440000,广东省,201808,81.7678
A02021I01,程控交换机产量_当月值,万线,440000,广东省,201807,73.8117
A02021I01,程控交换机产量_当月值,万线,440000,广东省,201806,88.3071
A02021I01,程控交换机产量_当月值,万线,440000,广东省,201805,79.3997
A02021I01,程控交换机产量_当月值,万线,440000,广东省,201804,55.8539
A02021I01,程控交换机产量_当月值,万线,440000,广东省,201803,56.8044
A02021I01,程控交换机产量_当月值,万线,440000,广东省,201712,72.5166
A02021I01,程控交换机产量_当月值,万线,440000,广东省,201711,70.2161
A02021I01,程控交换机产量_当月值,万线,440000,广东省,201710,55.8083
A02021I01,程控交换机产量_当月值,万线,440000,广东省,201709,72.0034
A02021I01,程控交换机产量_当月值,万线,440000,广东省,201708,65.4308
A02021I01,程控交换机产量_当月值,万线,440000,广东省,201707,69.2901
A02021I01,程控交换机产量_当月值,万线,440000,广东省,201706,91.4742
A02021I01,程控交换机产量_当月值,万线,440000,广东省,201705,59.9523
A02021I01,程控交换机产量_当月值,万线,440000,广东省,201704,87.1269
A02021I01,程控交换机产量_当月值,万线,440000,广东省,201703,87.8775
A02021I01,程控交换机产量_当月值,万线,440000,广东省,201612,91.0374
A02021I01,程控交换机产量_当月值,万线,440000,广东省,201611,66.7553
A02021I01,程控交换机产量_当月值,万线,440000,广东省,201610,56.6794
A02021I01,程控交换机产量_当月值,万线,440000,广东省,201609,100.9245
A02021I01,程控交换机产量_当月值,万线,440000,广东省,201608,90.6458
A02021I01,程控交换机产量_当月值,万线,440000,广东省,201607,110.9893
A02021I01,程控交换机产量_当月值,万线,440000,广东省,201606,120.9903
A02021I01,程控交换机产量_当月值,万线,440000,广东省,201605,138.6706
A02021I01,程控交换机产量_当月值,万线,440000,广东省,201604,94.2527
A02021I01,程控交换机产量_当月值,万线,440000,广东省,201603,82.8395
A02021I01,程控交换机产量_当月值,万线,440000,广东省,201512,150.8744
A02021I01,程控交换机产量_当月值,万线,440000,广东省,201511,133.7485
A02021I01,程控交换机产量_当月值,万线,440000,广东省,201510,84.6024
A02021I01,程控交换机产量_当月值,万线,440000,广东省,201509,134.6206
A02021I01,程控交换机产量_当月值,万线,440000,广东省,201508,89.396567
A02021I01,程控交换机产量_当月值,万线,440000,广东省,201507,31.376036
A02021I01,程控交换机产量_当月值,万线,440000,广东省,201506,31.767495
A02021I01,程控交换机产量_当月值,万线,440000,广东省,201505,53.112945
A02021I01,程控交换机产量_当月值,万线,440000,广东省,201504,50.7598
A02021I01,程控交换机产量_当月值,万线,440000,广东省,201503,39.1375
A02021I03,程控交换机产量_累计值,万线,440000,广东省,202202,66.0059
A02021I03,程控交换机产量_累计值,万线,440000,广东省,202112,591.1078
A02021I03,程控交换机产量_累计值,万线,440000,广东省,202111,534.5808
A02021I03,程控交换机产量_累计值,万线,440000,广东省,202110,492.2229
A02021I03,程控交换机产量_累计值,万线,440000,广东省,202109,435.0818
A02021I03,程控交换机产量_累计值,万线,440000,广东省,202108,373.0185
A02021I03,程控交换机产量_累计值,万线,440000,广东省,202107,329.8381
A02021I03,程控交换机产量_累计值,万线,440000,广东省,202106,258.3045
A02021I03,程控交换机产量_累计值,万线,440000,广东省,202105,202.9271
A02021I03,程控交换机产量_累计值,万线,440000,广东省,202104,169.6706
A02021I03,程控交换机产量_累计值,万线,440000,广东省,202103,127.9245
A02021I03,程控交换机产量_累计值,万线,440000,广东省,202102,72.6477
A02021I03,程控交换机产量_累计值,万线,440000,广东省,202012,596.2579
A02021I03,程控交换机产量_累计值,万线,440000,广东省,202011,547.3006
A02021I03,程控交换机产量_累计值,万线,440000,广东省,202010,507.2383
A02021I03,程控交换机产量_累计值,万线,440000,广东省,202009,476.3934
A02021I03,程控交换机产量_累计值,万线,440000,广东省,202008,441.6574
A02021I03,程控交换机产量_累计值,万线,440000,广东省,202007,392.097
A02021I03,程控交换机产量_累计值,万线,440000,广东省,202006,330.0963
A02021I03,程控交换机产量_累计值,万线,440000,广东省,202005,260.0686
A02021I03,程控交换机产量_累计值,万线,440000,广东省,202004,188.6397
A02021I03,程控交换机产量_累计值,万线,440000,广东省,202003,115.1183
A02021I03,程控交换机产量_累计值,万线,440000,广东省,202002,56.4248
A02021I03,程控交换机产量_累计值,万线,440000,广东省,201912,638.3997
A02021I03,程控交换机产量_累计值,万线,440000,广东省,201911,596.0541
A02021I03,程控交换机产量_累计值,万线,440000,广东省,201910,542.1662
A02021I03,程控交换机产量_累计值,万线,440000,广东省,201909,477.9279
A02021I03,程控交换机产量_累计值,万线,440000,广东省,201908,423.9416
A02021I03,程控交换机产量_累计值,万线,440000,广东省,201907,372.5043
A02021I03,程控交换机产量_累计值,万线,440000,广东省,201906,320.9471
A02021I03,程控交换机产量_累计值,万线,440000,广东省,201905,281.3066
A02021I03,程控交换机产量_累计值,万线,440000,广东省,201904,228.9867
A02021I03,程控交换机产量_累计值,万线,440000,广东省,201903,159.5223
A02021I03,程控交换机产量_累计值,万线,440000,广东省,201902,91.6612
A02021I03,程控交换机产量_累计值,万线,440000,广东省,201812,873.4878
A02021I03,程控交换机产量_累计值,万线,440000,广东省,201811,792.6046
A02021I03,程控交换机产量_累计值,万线,440000,广东省,201810,698.9259
A02021I03,程控交换机产量_累计值,万线,440000,广东省,201809,581.0131
A02021I03,程控交换机产量_累计值,万线,440000,广东省,201808,533.6846
A02021I03,程控交换机产量_累计值,万线,440000,广东省,201807,451.9168
A02021I03,程控交换机产量_累计值,万线,440000,广东省,201806,378.1051
A02021I03,程控交换机产量_累计值,万线,440000,广东省,201805,289.798
A02021I03,程控交换机产量_累计值,万线,440000,广东省,201804,210.251
A02021I03,程控交换机产量_累计值,万线,440000,广东省,201803,154.3971
A02021I03,程控交换机产量_累计值,万线,440000,广东省,201802,97.5927
A02021I03,程控交换机产量_累计值,万线,440000,广东省,201712,843.2755
A02021I03,程控交换机产量_累计值,万线,440000,广东省,201711,770.7654
A02021I03,程控交换机产量_累计值,万线,440000,广东省,201710,700.5493
A02021I03,程控交换机产量_累计值,万线,440000,广东省,201709,644.741
A02021I03,程控交换机产量_累计值,万线,440000,广东省,201708,572.7376
A02021I03,程控交换机产量_累计值,万线,440000,广东省,201707,507.3068
A02021I03,程控交换机产量_累计值,万线,440000,广东省,201706,438.0167
A02021I03,程控交换机产量_累计值,万线,440000,广东省,201705,346.5168
A02021I03,程控交换机产量_累计值,万线,440000,广东省,201704,286.5645
A02021I03,程控交换机产量_累计值,万线,440000,广东省,201703,199.4376
A02021I03,程控交换机产量_累计值,万线,440000,广东省,201702,111.0176
A02021I03,程控交换机产量_累计值,万线,440000,广东省,201612,1103.121
A02021I03,程控交换机产量_累计值,万线,440000,广东省,201611,1012.0836
A02021I03,程控交换机产量_累计值,万线,440000,广东省,201610,945.061
A02021I03,程控交换机产量_累计值,万线,440000,广东省,201609,889.3852
A02021I03,程控交换机产量_累计值,万线,440000,广东省,201608,788.4607
A02021I03,程控交换机产量_累计值,万线,440000,广东省,201607,697.8149
A02021I03,程控交换机产量_累计值,万线,440000,广东省,201606,586.8256
A02021I03,程控交换机产量_累计值,万线,440000,广东省,201605,465.8353
A02021I03,程控交换机产量_累计值,万线,440000,广东省,201604,327.1647
A02021I03,程控交换机产量_累计值,万线,440000,广东省,201603,233.0582
A02021I03,程控交换机产量_累计值,万线,440000,广东省,201602,149.706
A02021I03,程控交换机产量_累计值,万线,440000,广东省,201512,1246.9147
A02021I03,程控交换机产量_累计值,万线,440000,广东省,201511,1096.0403
A02021I03,程控交换机产量_累计值,万线,440000,广东省,201510,962.0416
A02021I03,程控交换机产量_累计值,万线,440000,广东省,201509,877.4392
A02021I03,程控交换机产量_累计值,万线,440000,广东省,201508,742.818536
A02021I03,程控交换机产量_累计值,万线,440000,广东省,201507,290.542369
A02021I03,程控交换机产量_累计值,万线,440000,广东省,201506,259.166333
A02021I03,程控交换机产量_累计值,万线,440000,广东省,201505,227.398838
A02021I03,程控交换机产量_累计值,万线,440000,广东省,201504,174.285893
A02021I03,程控交换机产量_累计值,万线,440000,广东省,201503,123.526093
A02021I03,程控交换机产量_累计值,万线,440000,广东省,201502,271.259093
A02021I01,程控交换机产量_当月值,万线,450000,广西壮族自治区,202112,0.0085
A02021I01,程控交换机产量_当月值,万线,450000,广西壮族自治区,202111,0.02
A02021I01,程控交换机产量_当月值,万线,450000,广西壮族自治区,201612,0.0
A02021I01,程控交换机产量_当月值,万线,450000,广西壮族自治区,201611,0.0
A02021I01,程控交换机产量_当月值,万线,450000,广西壮族自治区,201610,0.0
A02021I01,程控交换机产量_当月值,万线,450000,广西壮族自治区,201609,0.0
A02021I01,程控交换机产量_当月值,万线,450000,广西壮族自治区,201608,0.0
A02021I01,程控交换机产量_当月值,万线,450000,广西壮族自治区,201607,0.0
A02021I01,程控交换机产量_当月值,万线,450000,广西壮族自治区,201606,0.0
A02021I01,程控交换机产量_当月值,万线,450000,广西壮族自治区,201605,0.0
A02021I03,程控交换机产量_累计值,万线,450000,广西壮族自治区,202112,0.1582
A02021I03,程控交换机产量_累计值,万线,450000,广西壮族自治区,202111,0.1497
A02021I03,程控交换机产量_累计值,万线,450000,广西壮族自治区,202102,0.0
A02021I03,程控交换机产量_累计值,万线,450000,广西壮族自治区,201612,0.0
A02021I03,程控交换机产量_累计值,万线,450000,广西壮族自治区,201611,0.0
A02021I03,程控交换机产量_累计值,万线,450000,广西壮族自治区,201610,0.0
A02021I03,程控交换机产量_累计值,万线,450000,广西壮族自治区,201609,0.0
A02021I03,程控交换机产量_累计值,万线,450000,广西壮族自治区,201608,0.0
A02021I03,程控交换机产量_累计值,万线,450000,广西壮族自治区,201607,0.0
A02021I03,程控交换机产量_累计值,万线,450000,广西壮族自治区,201606,0.0
A02021I03,程控交换机产量_累计值,万线,450000,广西壮族自治区,201605,0.0
A02021I01,程控交换机产量_当月值,万线,460000,海南省,201612,0.0
A02021I01,程控交换机产量_当月值,万线,460000,海南省,201611,0.0
A02021I01,程控交换机产量_当月值,万线,460000,海南省,201610,0.0
A02021I01,程控交换机产量_当月值,万线,460000,海南省,201609,0.0
A02021I01,程控交换机产量_当月值,万线,460000,海南省,201608,0.0
A02021I01,程控交换机产量_当月值,万线,460000,海南省,201607,0.0
A02021I01,程控交换机产量_当月值,万线,460000,海南省,201606,0.0
A02021I01,程控交换机产量_当月值,万线,460000,海南省,201605,0.0
A02021I03,程控交换机产量_累计值,万线,460000,海南省,202102,0.0
A02021I03,程控交换机产量_累计值,万线,460000,海南省,201612,0.0
A02021I03,程控交换机产量_累计值,万线,460000,海南省,201611,0.0
A02021I03,程控交换机产量_累计值,万线,460000,海南省,201610,0.0
A02021I03,程控交换机产量_累计值,万线,460000,海南省,201609,0.0
A02021I03,程控交换机产量_累计值,万线,460000,海南省,201608,0.0
A02021I03,程控交换机产量_累计值,万线,460000,海南省,201607,0.0
A02021I03,程控交换机产量_累计值,万线,460000,海南省,201606,0.0
A02021I03,程控交换机产量_累计值,万线,460000,海南省,201605,0.0
A02021I01,程控交换机产量_当月值,万线,500000,重庆市,201612,0.0
A02021I01,程控交换机产量_当月值,万线,500000,重庆市,201611,0.0
A02021I01,程控交换机产量_当月值,万线,500000,重庆市,201610,0.0
A02021I01,程控交换机产量_当月值,万线,500000,重庆市,201609,0.0
A02021I01,程控交换机产量_当月值,万线,500000,重庆市,201608,0.0
A02021I01,程控交换机产量_当月值,万线,500000,重庆市,201607,0.0
A02021I01,程控交换机产量_当月值,万线,500000,重庆市,201606,0.0
A02021I01,程控交换机产量_当月值,万线,500000,重庆市,201605,0.0
A02021I03,程控交换机产量_累计值,万线,500000,重庆市,202102,0.0
A02021I03,程控交换机产量_累计值,万线,500000,重庆市,201612,0.0
A02021I03,程控交换机产量_累计值,万线,500000,重庆市,201611,0.0
A02021I03,程控交换机产量_累计值,万线,500000,重庆市,201610,0.0
A02021I03,程控交换机产量_累计值,万线,500000,重庆市,201609,0.0
A02021I03,程控交换机产量_累计值,万线,500000,重庆市,201608,0.0
A02021I03,程控交换机产量_累计值,万线,500000,重庆市,201607,0.0
A02021I03,程控交换机产量_累计值,万线,500000,重庆市,201606,0.0
A02021I03,程控交换机产量_累计值,万线,500000,重庆市,201605,0.0
A02021I01,程控交换机产量_当月值,万线,510000,四川省,202111,0.0
A02021I01,程控交换机产量_当月值,万线,510000,四川省,202110,0.0
A02021I01,程控交换机产量_当月值,万线,510000,四川省,202109,0.0
A02021I01,程控交换机产量_当月值,万线,510000,四川省,202108,0.0
A02021I01,程控交换机产量_当月值,万线,510000,四川省,202107,0.0
A02021I01,程控交换机产量_当月值,万线,510000,四川省,202106,0.0
A02021I01,程控交换机产量_当月值,万线,510000,四川省,202105,0.0
A02021I01,程控交换机产量_当月值,万线,510000,四川省,202104,0.0
A02021I01,程控交换机产量_当月值,万线,510000,四川省,202012,0.0101
A02021I01,程控交换机产量_当月值,万线,510000,四川省,202011,0.0401
A02021I01,程控交换机产量_当月值,万线,510000,四川省,202010,0.0501
A02021I01,程控交换机产量_当月值,万线,510000,四川省,202009,0.0501
A02021I01,程控交换机产量_当月值,万线,510000,四川省,202008,0.082
A02021I01,程控交换机产量_当月值,万线,510000,四川省,202007,0.1
A02021I01,程控交换机产量_当月值,万线,510000,四川省,202006,0.102
A02021I01,程控交换机产量_当月值,万线,510000,四川省,202005,0.145
A02021I01,程控交换机产量_当月值,万线,510000,四川省,202004,0.1051
A02021I01,程控交换机产量_当月值,万线,510000,四川省,202003,0.0651
A02021I01,程控交换机产量_当月值,万线,510000,四川省,201912,0.5
A02021I01,程控交换机产量_当月值,万线,510000,四川省,201911,0.0464
A02021I01,程控交换机产量_当月值,万线,510000,四川省,201910,0.0457
A02021I01,程控交换机产量_当月值,万线,510000,四川省,201909,0.0504
A02021I01,程控交换机产量_当月值,万线,510000,四川省,201908,0.052
A02021I01,程控交换机产量_当月值,万线,510000,四川省,201907,0.0615
A02021I01,程控交换机产量_当月值,万线,510000,四川省,201906,0.0908
A02021I01,程控交换机产量_当月值,万线,510000,四川省,201905,0.0942
A02021I01,程控交换机产量_当月值,万线,510000,四川省,201904,0.05
A02021I01,程控交换机产量_当月值,万线,510000,四川省,201903,0.06
A02021I01,程控交换机产量_当月值,万线,510000,四川省,201812,0.04
A02021I01,程控交换机产量_当月值,万线,510000,四川省,201811,0.05
A02021I01,程控交换机产量_当月值,万线,510000,四川省,201810,0.08
A02021I01,程控交换机产量_当月值,万线,510000,四川省,201809,0.08
A02021I01,程控交换机产量_当月值,万线,510000,四川省,201808,0.08
A02021I01,程控交换机产量_当月值,万线,510000,四川省,201807,0.08
A02021I01,程控交换机产量_当月值,万线,510000,四川省,201806,0.08
A02021I01,程控交换机产量_当月值,万线,510000,四川省,201805,0.08
A02021I01,程控交换机产量_当月值,万线,510000,四川省,201804,0.08
A02021I01,程控交换机产量_当月值,万线,510000,四川省,201803,0.08
A02021I01,程控交换机产量_当月值,万线,510000,四川省,201712,0.08
A02021I01,程控交换机产量_当月值,万线,510000,四川省,201711,0.08
A02021I01,程控交换机产量_当月值,万线,510000,四川省,201710,0.08
A02021I01,程控交换机产量_当月值,万线,510000,四川省,201709,0.08
A02021I01,程控交换机产量_当月值,万线,510000,四川省,201708,0.08
A02021I01,程控交换机产量_当月值,万线,510000,四川省,201707,0.08
A02021I01,程控交换机产量_当月值,万线,510000,四川省,201706,0.08
A02021I01,程控交换机产量_当月值,万线,510000,四川省,201705,0.08
A02021I01,程控交换机产量_当月值,万线,510000,四川省,201704,0.08
A02021I01,程控交换机产量_当月值,万线,510000,四川省,201703,0.08
A02021I01,程控交换机产量_当月值,万线,510000,四川省,201612,0.09
A02021I01,程控交换机产量_当月值,万线,510000,四川省,201611,0.08
A02021I01,程控交换机产量_当月值,万线,510000,四川省,201610,0.08
A02021I01,程控交换机产量_当月值,万线,510000,四川省,201609,0.07
A02021I01,程控交换机产量_当月值,万线,510000,四川省,201608,0.07
A02021I01,程控交换机产量_当月值,万线,510000,四川省,201607,0.07
A02021I01,程控交换机产量_当月值,万线,510000,四川省,201606,0.07
A02021I01,程控交换机产量_当月值,万线,510000,四川省,201605,0.07
A02021I01,程控交换机产量_当月值,万线,510000,四川省,201604,0.07
A02021I01,程控交换机产量_当月值,万线,510000,四川省,201603,0.08
A02021I03,程控交换机产量_累计值,万线,510000,四川省,202202,0.0
A02021I03,程控交换机产量_累计值,万线,510000,四川省,202111,0.0
A02021I03,程控交换机产量_累计值,万线,510000,四川省,202110,0.0
A02021I03,程控交换机产量_累计值,万线,510000,四川省,202109,0.0
A02021I03,程控交换机产量_累计值,万线,510000,四川省,202108,0.0
A02021I03,程控交换机产量_累计值,万线,510000,四川省,202107,0.0
A02021I03,程控交换机产量_累计值,万线,510000,四川省,202106,0.0
A02021I03,程控交换机产量_累计值,万线,510000,四川省,202105,0.0
A02021I03,程控交换机产量_累计值,万线,510000,四川省,202104,0.0
A02021I03,程控交换机产量_累计值,万线,510000,四川省,202102,0.0
A02021I03,程控交换机产量_累计值,万线,510000,四川省,202012,2.4238
A02021I03,程控交换机产量_累计值,万线,510000,四川省,202011,2.4137
A02021I03,程控交换机产量_累计值,万线,510000,四川省,202010,2.3736
A02021I03,程控交换机产量_累计值,万线,510000,四川省,202009,2.3235
A02021I03,程控交换机产量_累计值,万线,510000,四川省,202008,2.2734
A02021I03,程控交换机产量_累计值,万线,510000,四川省,202007,2.1914
A02021I03,程控交换机产量_累计值,万线,510000,四川省,202006,2.0914
A02021I03,程控交换机产量_累计值,万线,510000,四川省,202005,1.9913
A02021I03,程控交换机产量_累计值,万线,510000,四川省,202004,0.3358
A02021I03,程控交换机产量_累计值,万线,510000,四川省,202003,0.2358
A02021I03,程控交换机产量_累计值,万线,510000,四川省,202002,0.1707
A02021I03,程控交换机产量_累计值,万线,510000,四川省,201912,1.4328
A02021I03,程控交换机产量_累计值,万线,510000,四川省,201911,0.9328
A02021I03,程控交换机产量_累计值,万线,510000,四川省,201910,0.8864
A02021I03,程控交换机产量_累计值,万线,510000,四川省,201909,0.8407
A02021I03,程控交换机产量_累计值,万线,510000,四川省,201908,0.7903
A02021I03,程控交换机产量_累计值,万线,510000,四川省,201907,0.7383
A02021I03,程控交换机产量_累计值,万线,510000,四川省,201906,0.5007
A02021I03,程控交换机产量_累计值,万线,510000,四川省,201905,0.4099
A02021I03,程控交换机产量_累计值,万线,510000,四川省,201904,0.22
A02021I03,程控交换机产量_累计值,万线,510000,四川省,201903,0.17
A02021I03,程控交换机产量_累计值,万线,510000,四川省,201902,0.11
A02021I03,程控交换机产量_累计值,万线,510000,四川省,201812,0.86
A02021I03,程控交换机产量_累计值,万线,510000,四川省,201811,0.82
A02021I03,程控交换机产量_累计值,万线,510000,四川省,201810,0.77
A02021I03,程控交换机产量_累计值,万线,510000,四川省,201809,0.69
A02021I03,程控交换机产量_累计值,万线,510000,四川省,201808,0.61
A02021I03,程控交换机产量_累计值,万线,510000,四川省,201807,0.53
A02021I03,程控交换机产量_累计值,万线,510000,四川省,201806,0.45
A02021I03,程控交换机产量_累计值,万线,510000,四川省,201805,0.37
A02021I03,程控交换机产量_累计值,万线,510000,四川省,201804,0.29
A02021I03,程控交换机产量_累计值,万线,510000,四川省,201803,0.21
A02021I03,程控交换机产量_累计值,万线,510000,四川省,201802,0.13
A02021I03,程控交换机产量_累计值,万线,510000,四川省,201712,0.93
A02021I03,程控交换机产量_累计值,万线,510000,四川省,201711,0.85
A02021I03,程控交换机产量_累计值,万线,510000,四川省,201710,0.77
A02021I03,程控交换机产量_累计值,万线,510000,四川省,201709,0.69
A02021I03,程控交换机产量_累计值,万线,510000,四川省,201708,0.61
A02021I03,程控交换机产量_累计值,万线,510000,四川省,201707,0.53
A02021I03,程控交换机产量_累计值,万线,510000,四川省,201706,0.45
A02021I03,程控交换机产量_累计值,万线,510000,四川省,201705,0.37
A02021I03,程控交换机产量_累计值,万线,510000,四川省,201704,0.29
A02021I03,程控交换机产量_累计值,万线,510000,四川省,201703,0.21
A02021I03,程控交换机产量_累计值,万线,510000,四川省,201702,0.13
A02021I03,程控交换机产量_累计值,万线,510000,四川省,201612,0.88
A02021I03,程控交换机产量_累计值,万线,510000,四川省,201611,0.79
A02021I03,程控交换机产量_累计值,万线,510000,四川省,201610,0.71
A02021I03,程控交换机产量_累计值,万线,510000,四川省,201609,0.63
A02021I03,程控交换机产量_累计值,万线,510000,四川省,201608,0.56
A02021I03,程控交换机产量_累计值,万线,510000,四川省,201607,0.49
A02021I03,程控交换机产量_累计值,万线,510000,四川省,201606,0.42
A02021I03,程控交换机产量_累计值,万线,510000,四川省,201605,0.35
A02021I03,程控交换机产量_累计值,万线,510000,四川省,201604,0.28
A02021I03,程控交换机产量_累计值,万线,510000,四川省,201603,0.21
A02021I03,程控交换机产量_累计值,万线,510000,四川省,201602,0.13
A02021I03,程控交换机产量_累计值,万线,510000,四川省,201502,0.12
A02021I01,程控交换机产量_当月值,万线,520000,贵州省,201612,0.0
A02021I01,程控交换机产量_当月值,万线,520000,贵州省,201611,0.0
A02021I01,程控交换机产量_当月值,万线,520000,贵州省,201610,0.0
A02021I01,程控交换机产量_当月值,万线,520000,贵州省,201609,0.0
A02021I01,程控交换机产量_当月值,万线,520000,贵州省,201608,0.0
A02021I01,程控交换机产量_当月值,万线,520000,贵州省,201607,0.0
A02021I01,程控交换机产量_当月值,万线,520000,贵州省,201606,0.0
A02021I01,程控交换机产量_当月值,万线,520000,贵州省,201605,0.0
A02021I03,程控交换机产量_累计值,万线,520000,贵州省,202102,0.0
A02021I03,程控交换机产量_累计值,万线,520000,贵州省,201612,0.0
A02021I03,程控交换机产量_累计值,万线,520000,贵州省,201611,0.0
A02021I03,程控交换机产量_累计值,万线,520000,贵州省,201610,0.0
A02021I03,程控交换机产量_累计值,万线,520000,贵州省,201609,0.0
A02021I03,程控交换机产量_累计值,万线,520000,贵州省,201608,0.0
A02021I03,程控交换机产量_累计值,万线,520000,贵州省,201607,0.0
A02021I03,程控交换机产量_累计值,万线,520000,贵州省,201606,0.0
A02021I03,程控交换机产量_累计值,万线,520000,贵州省,201605,0.0
A02021I01,程控交换机产量_当月值,万线,530000,云南省,201612,0.2998
A02021I01,程控交换机产量_当月值,万线,530000,云南省,201611,0.7308
A02021I01,程控交换机产量_当月值,万线,530000,云南省,201610,1.0092
A02021I01,程控交换机产量_当月值,万线,530000,云南省,201609,0.3916
A02021I01,程控交换机产量_当月值,万线,530000,云南省,201608,0.1812
A02021I01,程控交换机产量_当月值,万线,530000,云南省,201607,0.3442
A02021I01,程控交换机产量_当月值,万线,530000,云南省,201606,0.6106
A02021I01,程控交换机产量_当月值,万线,530000,云南省,201605,0.5328
A02021I01,程控交换机产量_当月值,万线,530000,云南省,201604,0.1939
A02021I01,程控交换机产量_当月值,万线,530000,云南省,201603,0.5462
A02021I01,程控交换机产量_当月值,万线,530000,云南省,201512,0.6658
A02021I01,程控交换机产量_当月值,万线,530000,云南省,201511,0.3276
A02021I01,程控交换机产量_当月值,万线,530000,云南省,201510,0.416
A02021I01,程控交换机产量_当月值,万线,530000,云南省,201509,0.4542
A02021I01,程控交换机产量_当月值,万线,530000,云南省,201508,0.4396
A02021I01,程控交换机产量_当月值,万线,530000,云南省,201507,0.314
A02021I01,程控交换机产量_当月值,万线,530000,云南省,201506,0.4476
A02021I01,程控交换机产量_当月值,万线,530000,云南省,201505,0.6426
A02021I01,程控交换机产量_当月值,万线,530000,云南省,201504,0.6611
A02021I01,程控交换机产量_当月值,万线,530000,云南省,201503,0.5707
A02021I03,程控交换机产量_累计值,万线,530000,云南省,202102,0.0
A02021I03,程控交换机产量_累计值,万线,530000,云南省,201612,5.0749
A02021I03,程控交换机产量_累计值,万线,530000,云南省,201611,4.7751
A02021I03,程控交换机产量_累计值,万线,530000,云南省,201610,4.2699
A02021I03,程控交换机产量_累计值,万线,530000,云南省,201609,3.2607
A02021I03,程控交换机产量_累计值,万线,530000,云南省,201608,2.8691
A02021I03,程控交换机产量_累计值,万线,530000,云南省,201607,2.6879
A02021I03,程控交换机产量_累计值,万线,530000,云南省,201606,2.3437
A02021I03,程控交换机产量_累计值,万线,530000,云南省,201605,1.7331
A02021I03,程控交换机产量_累计值,万线,530000,云南省,201604,1.2003
A02021I03,程控交换机产量_累计值,万线,530000,云南省,201603,1.0064
A02021I03,程控交换机产量_累计值,万线,530000,云南省,201602,0.4602
A02021I03,程控交换机产量_累计值,万线,530000,云南省,201512,5.7749
A02021I03,程控交换机产量_累计值,万线,530000,云南省,201511,5.1091
A02021I03,程控交换机产量_累计值,万线,530000,云南省,201510,4.7181
A02021I03,程控交换机产量_累计值,万线,530000,云南省,201509,4.3021
A02021I03,程控交换机产量_累计值,万线,530000,云南省,201508,3.8479
A02021I03,程控交换机产量_累计值,万线,530000,云南省,201507,3.4045
A02021I03,程控交换机产量_累计值,万线,530000,云南省,201506,3.0905
A02021I03,程控交换机产量_累计值,万线,530000,云南省,201505,2.6429
A02021I03,程控交换机产量_累计值,万线,530000,云南省,201504,2.0003
A02021I03,程控交换机产量_累计值,万线,530000,云南省,201503,1.3392
A02021I03,程控交换机产量_累计值,万线,530000,云南省,201502,0.6261
A02021I01,程控交换机产量_当月值,万线,540000,西藏自治区,201612,0.0
A02021I01,程控交换机产量_当月值,万线,540000,西藏自治区,201611,0.0
A02021I01,程控交换机产量_当月值,万线,540000,西藏自治区,201610,0.0
A02021I01,程控交换机产量_当月值,万线,540000,西藏自治区,201609,0.0
A02021I01,程控交换机产量_当月值,万线,540000,西藏自治区,201608,0.0
A02021I01,程控交换机产量_当月值,万线,540000,西藏自治区,201607,0.0
A02021I01,程控交换机产量_当月值,万线,540000,西藏自治区,201606,0.0
A02021I01,程控交换机产量_当月值,万线,540000,西藏自治区,201605,0.0
A02021I03,程控交换机产量_累计值,万线,540000,西藏自治区,202102,0.0
A02021I03,程控交换机产量_累计值,万线,540000,西藏自治区,201612,0.0
A02021I03,程控交换机产量_累计值,万线,540000,西藏自治区,201611,0.0
A02021I03,程控交换机产量_累计值,万线,540000,西藏自治区,201610,0.0
A02021I03,程控交换机产量_累计值,万线,540000,西藏自治区,201609,0.0
A02021I03,程控交换机产量_累计值,万线,540000,西藏自治区,201608,0.0
A02021I03,程控交换机产量_累计值,万线,540000,西藏自治区,201607,0.0
A02021I03,程控交换机产量_累计值,万线,540000,西藏自治区,201606,0.0
A02021I03,程控交换机产量_累计值,万线,540000,西藏自治区,201605,0.0
A02021I01,程控交换机产量_当月值,万线,610000,陕西省,201612,0.0
A02021I01,程控交换机产量_当月值,万线,610000,陕西省,201611,0.0
A02021I01,程控交换机产量_当月值,万线,610000,陕西省,201610,0.0
A02021I01,程控交换机产量_当月值,万线,610000,陕西省,201609,0.0
A02021I01,程控交换机产量_当月值,万线,610000,陕西省,201608,0.0
A02021I01,程控交换机产量_当月值,万线,610000,陕西省,201607,0.0
A02021I01,程控交换机产量_当月值,万线,610000,陕西省,201606,0.0
A02021I01,程控交换机产量_当月值,万线,610000,陕西省,201605,0.0
A02021I03,程控交换机产量_累计值,万线,610000,陕西省,202102,0.0
A02021I03,程控交换机产量_累计值,万线,610000,陕西省,201612,0.0
A02021I03,程控交换机产量_累计值,万线,610000,陕西省,201611,0.0
A02021I03,程控交换机产量_累计值,万线,610000,陕西省,201610,0.0
A02021I03,程控交换机产量_累计值,万线,610000,陕西省,201609,0.0
A02021I03,程控交换机产量_累计值,万线,610000,陕西省,201608,0.0
A02021I03,程控交换机产量_累计值,万线,610000,陕西省,201607,0.0
A02021I03,程控交换机产量_累计值,万线,610000,陕西省,201606,0.0
A02021I03,程控交换机产量_累计值,万线,610000,陕西省,201605,0.0
A02021I01,程控交换机产量_当月值,万线,620000,甘肃省,201612,0.0
A02021I01,程控交换机产量_当月值,万线,620000,甘肃省,201611,0.0
A02021I01,程控交换机产量_当月值,万线,620000,甘肃省,201610,0.0
A02021I01,程控交换机产量_当月值,万线,620000,甘肃省,201609,0.0
A02021I01,程控交换机产量_当月值,万线,620000,甘肃省,201608,0.0
A02021I01,程控交换机产量_当月值,万线,620000,甘肃省,201607,0.0
A02021I01,程控交换机产量_当月值,万线,620000,甘肃省,201606,0.0
A02021I01,程控交换机产量_当月值,万线,620000,甘肃省,201605,0.0
A02021I03,程控交换机产量_累计值,万线,620000,甘肃省,202102,0.0
A02021I03,程控交换机产量_累计值,万线,620000,甘肃省,201612,0.0
A02021I03,程控交换机产量_累计值,万线,620000,甘肃省,201611,0.0
A02021I03,程控交换机产量_累计值,万线,620000,甘肃省,201610,0.0
A02021I03,程控交换机产量_累计值,万线,620000,甘肃省,201609,0.0
A02021I03,程控交换机产量_累计值,万线,620000,甘肃省,201608,0.0
A02021I03,程控交换机产量_累计值,万线,620000,甘肃省,201607,0.0
A02021I03,程控交换机产量_累计值,万线,620000,甘肃省,201606,0.0
A02021I03,程控交换机产量_累计值,万线,620000,甘肃省,201605,0.0
A02021I01,程控交换机产量_当月值,万线,630000,青海省,201612,0.0
A02021I01,程控交换机产量_当月值,万线,630000,青海省,201611,0.0
A02021I01,程控交换机产量_当月值,万线,630000,青海省,201610,0.0
A02021I01,程控交换机产量_当月值,万线,630000,青海省,201609,0.0
A02021I01,程控交换机产量_当月值,万线,630000,青海省,201608,0.0
A02021I01,程控交换机产量_当月值,万线,630000,青海省,201607,0.0
A02021I01,程控交换机产量_当月值,万线,630000,青海省,201606,0.0
A02021I01,程控交换机产量_当月值,万线,630000,青海省,201605,0.0
A02021I03,程控交换机产量_累计值,万线,630000,青海省,202102,0.0
A02021I03,程控交换机产量_累计值,万线,630000,青海省,201612,0.0
A02021I03,程控交换机产量_累计值,万线,630000,青海省,201611,0.0
A02021I03,程控交换机产量_累计值,万线,630000,青海省,201610,0.0
A02021I03,程控交换机产量_累计值,万线,630000,青海省,201609,0.0
A02021I03,程控交换机产量_累计值,万线,630000,青海省,201608,0.0
A02021I03,程控交换机产量_累计值,万线,630000,青海省,201607,0.0
A02021I03,程控交换机产量_累计值,万线,630000,青海省,201606,0.0
A02021I03,程控交换机产量_累计值,万线,630000,青海省,201605,0.0
A02021I01,程控交换机产量_当月值,万线,640000,宁夏回族自治区,201612,0.0
A02021I01,程控交换机产量_当月值,万线,640000,宁夏回族自治区,201611,0.0
A02021I01,程控交换机产量_当月值,万线,640000,宁夏回族自治区,201610,0.0
A02021I01,程控交换机产量_当月值,万线,640000,宁夏回族自治区,201609,0.0
A02021I01,程控交换机产量_当月值,万线,640000,宁夏回族自治区,201608,0.0
A02021I01,程控交换机产量_当月值,万线,640000,宁夏回族自治区,201607,0.0
A02021I01,程控交换机产量_当月值,万线,640000,宁夏回族自治区,201606,0.0
A02021I01,程控交换机产量_当月值,万线,640000,宁夏回族自治区,201605,0.0
A02021I03,程控交换机产量_累计值,万线,640000,宁夏回族自治区,202102,0.0
A02021I03,程控交换机产量_累计值,万线,640000,宁夏回族自治区,201612,0.0
A02021I03,程控交换机产量_累计值,万线,640000,宁夏回族自治区,201611,0.0
A02021I03,程控交换机产量_累计值,万线,640000,宁夏回族自治区,201610,0.0
A02021I03,程控交换机产量_累计值,万线,640000,宁夏回族自治区,201609,0.0
A02021I03,程控交换机产量_累计值,万线,640000,宁夏回族自治区,201608,0.0
A02021I03,程控交换机产量_累计值,万线,640000,宁夏回族自治区,201607,0.0
A02021I03,程控交换机产量_累计值,万线,640000,宁夏回族自治区,201606,0.0
A02021I03,程控交换机产量_累计值,万线,640000,宁夏回族自治区,201605,0.0
A02021I01,程控交换机产量_当月值,万线,650000,新疆维吾尔自治区,201612,0.0
A02021I01,程控交换机产量_当月值,万线,650000,新疆维吾尔自治区,201611,0.0
A02021I01,程控交换机产量_当月值,万线,650000,新疆维吾尔自治区,201610,0.0
A02021I01,程控交换机产量_当月值,万线,650000,新疆维吾尔自治区,201609,0.0
A02021I01,程控交换机产量_当月值,万线,650000,新疆维吾尔自治区,201608,0.0
A02021I01,程控交换机产量_当月值,万线,650000,新疆维吾尔自治区,201607,0.0
A02021I01,程控交换机产量_当月值,万线,650000,新疆维吾尔自治区,201606,0.0
A02021I01,程控交换机产量_当月值,万线,650000,新疆维吾尔自治区,201605,0.0
A02021I03,程控交换机产量_累计值,万线,650000,新疆维吾尔自治区,202102,0.0
A02021I03,程控交换机产量_累计值,万线,650000,新疆维吾尔自治区,201612,0.0
A02021I03,程控交换机产量_累计值,万线,650000,新疆维吾尔自治区,201611,0.0
A02021I03,程控交换机产量_累计值,万线,650000,新疆维吾尔自治区,201610,0.0
A02021I03,程控交换机产量_累计值,万线,650000,新疆维吾尔自治区,201609,0.0
A02021I03,程控交换机产量_累计值,万线,650000,新疆维吾尔自治区,201608,0.0
A02021I03,程控交换机产量_累计值,万线,650000,新疆维吾尔自治区,201607,0.0
A02021I03,程控交换机产量_累计值,万线,650000,新疆维吾尔自治区,201606,0.0
A02021I03,程控交换机产量_累计值,万线,650000,新疆维吾尔自治区,201605,0.0
