name,date,data
北京市,2022年6月,214.5
北京市,2022年5月,179.5
北京市,2022年4月,157.5
北京市,2022年3月,132.8
北京市,2022年2月,92.2
北京市,2022年1月,0.0
北京市,2021年12月,444.6
北京市,2021年11月,398.4
北京市,2021年10月,357.4
北京市,2021年9月,328.9
北京市,2021年8月,296.9
北京市,2021年7月,253.9
北京市,2021年6月,215.4
北京市,2021年5月,186.1
北京市,2021年4月,160.8
北京市,2021年3月,137.0
北京市,2021年2月,93.7
北京市,2021年1月,0.0
北京市,2020年12月,429.1
北京市,2020年11月,376.4
北京市,2020年10月,327.3
北京市,2020年9月,301.6
北京市,2020年8月,272.9
北京市,2020年7月,236.8
北京市,2020年6月,202.1
北京市,2020年5月,167.6
北京市,2020年4月,144.4
北京市,2020年3月,119.8
北京市,2020年2月,83.8
北京市,2020年1月,0.0
北京市,2019年12月,420.5
北京市,2019年11月,374.8
北京市,2019年10月,334.8
北京市,2019年9月,306.6
北京市,2019年8月,272.5
北京市,2019年7月,235.6
北京市,2019年6月,199.3
北京市,2019年5月,173.8
北京市,2019年4月,151.0
北京市,2019年3月,127.6
北京市,2019年2月,89.2
北京市,2019年1月,0.0
天津市,2022年6月,340.7
天津市,2022年5月,281.8
天津市,2022年4月,231.5
天津市,2022年3月,186.2
天津市,2022年2月,127.9
天津市,2022年1月,0.0
天津市,2021年12月,752.0
天津市,2021年11月,679.8
天津市,2021年10月,619.8
天津市,2021年9月,560.8
天津市,2021年8月,497.7
天津市,2021年7月,427.8
天津市,2021年6月,352.3
天津市,2021年5月,294.1
天津市,2021年4月,243.5
天津市,2021年3月,193.6
天津市,2021年2月,131.3
天津市,2021年1月,0.0
天津市,2020年12月,737.7
天津市,2020年11月,656.7
天津市,2020年10月,587.8
天津市,2020年9月,525.6
天津市,2020年8月,466.8
天津市,2020年7月,398.0
天津市,2020年6月,336.1
天津市,2020年5月,275.8
天津市,2020年4月,226.0
天津市,2020年3月,172.3
天津市,2020年2月,116.7
天津市,2020年1月,0.0
天津市,2019年12月,701.8
天津市,2019年11月,621.2
天津市,2019年10月,561.6
天津市,2019年9月,512.2
天津市,2019年8月,457.6
天津市,2019年7月,398.2
天津市,2019年6月,331.5
天津市,2019年5月,273.2
天津市,2019年4月,221.9
天津市,2019年3月,175.0
天津市,2019年2月,118.0
天津市,2019年1月,0.0
河北省,2022年6月,1334.7
河北省,2022年5月,1098.6
河北省,2022年4月,889.4
河北省,2022年3月,700.4
河北省,2022年2月,479.1
河北省,2022年1月,0.0
河北省,2021年12月,2686.6
河北省,2021年11月,2432.6
河北省,2021年10月,2222.5
河北省,2021年9月,2049.3
河北省,2021年8月,1846.1
河北省,2021年7月,1613.4
河北省,2021年6月,1370.2
河北省,2021年5月,1147.0
河北省,2021年4月,938.7
河北省,2021年3月,733.1
河北省,2021年2月,487.3
河北省,2021年1月,0.0
河北省,2020年12月,2750.5
河北省,2020年11月,2465.6
河北省,2020年10月,2223.9
河北省,2020年9月,2014.0
河北省,2020年8月,1801.5
河北省,2020年7月,1549.9
河北省,2020年6月,1308.1
河北省,2020年5月,1051.7
河北省,2020年4月,849.0
河北省,2020年3月,658.4
河北省,2020年2月,452.5
河北省,2020年1月,0.0
河北省,2019年12月,2755.2
河北省,2019年11月,2495.8
河北省,2019年10月,2269.7
河北省,2019年9月,2069.0
河北省,2019年8月,1872.2
河北省,2019年7月,1635.4
河北省,2019年6月,1379.8
河北省,2019年5月,1133.0
河北省,2019年4月,911.2
河北省,2019年3月,701.0
河北省,2019年2月,471.6
河北省,2019年1月,0.0
山西省,2022年6月,1639.8
山西省,2022年5月,1345.6
山西省,2022年4月,1096.4
山西省,2022年3月,862.4
山西省,2022年2月,577.1
山西省,2022年1月,0.0
山西省,2021年12月,3205.7
山西省,2021年11月,2904.2
山西省,2021年10月,2640.7
山西省,2021年9月,2378.2
山西省,2021年8月,2119.5
山西省,2021年7月,1811.6
山西省,2021年6月,1511.9
山西省,2021年5月,1234.2
山西省,2021年4月,1019.3
山西省,2021年3月,789.6
山西省,2021年2月,512.8
山西省,2021年1月,0.0
山西省,2020年12月,3019.1
山西省,2020年11月,2719.9
山西省,2020年10月,2410.9
山西省,2020年9月,2165.3
山西省,2020年8月,1918.1
山西省,2020年7月,1647.0
山西省,2020年6月,1368.7
山西省,2020年5月,1126.7
山西省,2020年4月,904.9
山西省,2020年3月,685.8
山西省,2020年2月,452.3
山西省,2020年1月,0.0
山西省,2019年12月,2930.5
山西省,2019年11月,2648.9
山西省,2019年10月,2403.8
山西省,2019年9月,2185.2
山西省,2019年8月,1959.1
山西省,2019年7月,1689.5
山西省,2019年6月,1409.5
山西省,2019年5月,1159.0
山西省,2019年4月,924.1
山西省,2019年3月,697.2
山西省,2019年2月,474.4
山西省,2019年1月,0.0
内蒙古自治区,2022年6月,2473.1
内蒙古自治区,2022年5月,2025.1
内蒙古自治区,2022年4月,1622.5
内蒙古自治区,2022年3月,1248.3
内蒙古自治区,2022年2月,832.0
内蒙古自治区,2022年1月,0.0
内蒙古自治区,2021年12月,4863.3
内蒙古自治区,2021年11月,4435.0
内蒙古自治区,2021年10月,4044.0
内蒙古自治区,2021年9月,3639.3
内蒙古自治区,2021年8月,3233.5
内蒙古自治区,2021年7月,2780.4
内蒙古自治区,2021年6月,2314.1
内蒙古自治区,2021年5月,1910.6
内蒙古自治区,2021年4月,1534.6
内蒙古自治区,2021年3月,1155.1
内蒙古自治区,2021年2月,772.3
内蒙古自治区,2021年1月,0.0
内蒙古自治区,2020年12月,4782.0
内蒙古自治区,2020年11月,4304.7
内蒙古自治区,2020年10月,3895.3
内蒙古自治区,2020年9月,3495.0
内蒙古自治区,2020年8月,3094.6
内蒙古自治区,2020年7月,2640.9
内蒙古自治区,2020年6月,2184.0
内蒙古自治区,2020年5月,1793.1
内蒙古自治区,2020年4月,1422.4
内蒙古自治区,2020年3月,1059.3
内蒙古自治区,2020年2月,716.2
内蒙古自治区,2020年1月,0.0
内蒙古自治区,2019年12月,4556.1
内蒙古自治区,2019年11月,4156.6
内蒙古自治区,2019年10月,3776.1
内蒙古自治区,2019年9月,3381.0
内蒙古自治区,2019年8月,2989.9
内蒙古自治区,2019年7月,2564.3
内蒙古自治区,2019年6月,2135.6
内蒙古自治区,2019年5月,1751.5
内蒙古自治区,2019年4月,1402.8
内蒙古自治区,2019年3月,1049.6
内蒙古自治区,2019年2月,690.6
内蒙古自治区,2019年1月,0.0
辽宁省,2022年6月,665.3
辽宁省,2022年5月,549.9
辽宁省,2022年4月,459.3
辽宁省,2022年3月,369.9
辽宁省,2022年2月,253.4
辽宁省,2022年1月,0.0
辽宁省,2021年12月,1490.5
辽宁省,2021年11月,1350.1
辽宁省,2021年10月,1234.1
辽宁省,2021年9月,1128.2
辽宁省,2021年8月,1014.3
辽宁省,2021年7月,869.8
辽宁省,2021年6月,723.3
辽宁省,2021年5月,594.6
辽宁省,2021年4月,476.7
辽宁省,2021年3月,374.6
辽宁省,2021年2月,253.4
辽宁省,2021年1月,0.0
辽宁省,2020年12月,1498.1
辽宁省,2020年11月,1342.7
辽宁省,2020年10月,1198.8
辽宁省,2020年9月,1084.2
辽宁省,2020年8月,977.6
辽宁省,2020年7月,836.6
辽宁省,2020年6月,686.5
辽宁省,2020年5月,560.3
辽宁省,2020年4月,448.7
辽宁省,2020年3月,352.0
辽宁省,2020年2月,243.7
辽宁省,2020年1月,0.0
辽宁省,2019年12月,1473.6
辽宁省,2019年11月,1328.3
辽宁省,2019年10月,1204.1
辽宁省,2019年9月,1088.6
辽宁省,2019年8月,963.1
辽宁省,2019年7月,824.5
辽宁省,2019年6月,679.2
辽宁省,2019年5月,564.7
辽宁省,2019年4月,462.5
辽宁省,2019年3月,361.7
辽宁省,2019年2月,242.2
辽宁省,2019年1月,0.0
吉林省,2022年6月,335.0
吉林省,2022年5月,286.2
吉林省,2022年4月,240.6
吉林省,2022年3月,195.7
吉林省,2022年2月,140.3
吉林省,2022年1月,0.0
吉林省,2021年12月,729.3
吉林省,2021年11月,652.6
吉林省,2021年10月,587.5
吉林省,2021年9月,531.9
吉林省,2021年8月,483.5
吉林省,2021年7月,429.1
吉林省,2021年6月,364.6
吉林省,2021年5月,306.3
吉林省,2021年4月,251.5
吉林省,2021年3月,199.8
吉林省,2021年2月,138.6
吉林省,2021年1月,0.0
吉林省,2020年12月,749.9
吉林省,2020年11月,674.1
吉林省,2020年10月,608.1
吉林省,2020年9月,549.8
吉林省,2020年8月,497.4
吉林省,2020年7月,428.4
吉林省,2020年6月,355.5
吉林省,2020年5月,297.0
吉林省,2020年4月,242.4
吉林省,2020年3月,191.1
吉林省,2020年2月,134.1
吉林省,2020年1月,0.0
吉林省,2019年12月,719.4
吉林省,2019年11月,644.3
吉林省,2019年10月,582.5
吉林省,2019年9月,531.1
吉林省,2019年8月,478.8
吉林省,2019年7月,413.1
吉林省,2019年6月,346.7
吉林省,2019年5月,292.4
吉林省,2019年4月,242.9
吉林省,2019年3月,189.5
吉林省,2019年2月,122.2
吉林省,2019年1月,0.0
黑龙江省,2022年6月,428.4
黑龙江省,2022年5月,370.2
黑龙江省,2022年4月,312.9
黑龙江省,2022年3月,248.8
黑龙江省,2022年2月,169.3
黑龙江省,2022年1月,0.0
黑龙江省,2021年12月,938.8
黑龙江省,2021年11月,850.3
黑龙江省,2021年10月,768.5
黑龙江省,2021年9月,692.9
黑龙江省,2021年8月,625.9
黑龙江省,2021年7月,549.2
黑龙江省,2021年6月,465.8
黑龙江省,2021年5月,388.0
黑龙江省,2021年4月,315.2
黑龙江省,2021年3月,243.8
黑龙江省,2021年2月,163.2
黑龙江省,2021年1月,0.0
黑龙江省,2020年12月,921.6
黑龙江省,2020年11月,833.7
黑龙江省,2020年10月,752.9
黑龙江省,2020年9月,675.9
黑龙江省,2020年8月,613.3
黑龙江省,2020年7月,535.9
黑龙江省,2020年6月,454.3
黑龙江省,2020年5月,385.0
黑龙江省,2020年4月,311.6
黑龙江省,2020年3月,235.6
黑龙江省,2020年2月,147.0
黑龙江省,2020年1月,0.0
黑龙江省,2019年12月,911.6
黑龙江省,2019年11月,816.0
黑龙江省,2019年10月,732.7
黑龙江省,2019年9月,660.2
黑龙江省,2019年8月,596.8
黑龙江省,2019年7月,526.8
黑龙江省,2019年6月,447.4
黑龙江省,2019年5月,371.7
黑龙江省,2019年4月,299.8
黑龙江省,2019年3月,227.2
黑龙江省,2019年2月,153.0
黑龙江省,2019年1月,0.0
上海市,2022年6月,384.8
上海市,2022年5月,324.7
上海市,2022年4月,284.4
上海市,2022年3月,244.7
上海市,2022年2月,173.7
上海市,2022年1月,0.0
上海市,2021年12月,938.1
上海市,2021年11月,840.3
上海市,2021年10月,768.2
上海市,2021年9月,703.9
上海市,2021年8月,634.0
上海市,2021年7月,541.0
上海市,2021年6月,454.5
上海市,2021年5月,374.4
上海市,2021年4月,306.0
上海市,2021年3月,237.8
上海市,2021年2月,163.4
上海市,2021年1月,0.0
上海市,2020年12月,803.7
上海市,2020年11月,702.1
上海市,2020年10月,639.1
上海市,2020年9月,592.8
上海市,2020年8月,534.5
上海市,2020年7月,441.7
上海市,2020年6月,379.6
上海市,2020年5月,316.1
上海市,2020年4月,256.3
上海市,2020年3月,199.2
上海市,2020年2月,140.2
上海市,2020年1月,0.0
上海市,2019年12月,783.2
上海市,2019年11月,697.9
上海市,2019年10月,639.4
上海市,2019年9月,588.1
上海市,2019年8月,533.8
上海市,2019年7月,453.6
上海市,2019年6月,387.8
上海市,2019年5月,339.3
上海市,2019年4月,291.3
上海市,2019年3月,235.0
上海市,2019年2月,160.9
上海市,2019年1月,0.0
江苏省,2022年6月,2220.7
江苏省,2022年5月,1805.3
江苏省,2022年4月,1449.7
江苏省,2022年3月,1157.1
江苏省,2022年2月,781.3
江苏省,2022年1月,0.0
江苏省,2021年12月,4836.1
江苏省,2021年11月,4405.1
江苏省,2021年10月,4004.0
江苏省,2021年9月,3647.4
江苏省,2021年8月,3278.0
江苏省,2021年7月,2809.6
江苏省,2021年6月,2343.4
江苏省,2021年5月,1923.8
江苏省,2021年4月,1522.9
江苏省,2021年3月,1129.9
江苏省,2021年2月,711.8
江苏省,2021年1月,0.0
江苏省,2020年12月,4390.5
江苏省,2020年11月,3914.9
江苏省,2020年10月,3558.4
江苏省,2020年9月,3223.7
江苏省,2020年8月,2845.2
江苏省,2020年7月,2357.3
江苏省,2020年6月,1988.2
江苏省,2020年5月,1602.3
江苏省,2020年4月,1238.8
江苏省,2020年3月,899.0
江苏省,2020年2月,587.2
江苏省,2020年1月,0.0
江苏省,2019年12月,4439.0
江苏省,2019年11月,4032.9
江苏省,2019年10月,3675.1
江苏省,2019年9月,3332.1
江苏省,2019年8月,2985.3
江苏省,2019年7月,2564.8
江苏省,2019年6月,2158.1
江苏省,2019年5月,1819.0
江苏省,2019年4月,1484.1
江苏省,2019年3月,1131.2
江苏省,2019年2月,752.7
江苏省,2019年1月,0.0
浙江省,2022年6月,1356.7
浙江省,2022年5月,1136.3
浙江省,2022年4月,918.7
浙江省,2022年3月,687.4
浙江省,2022年2月,425.2
浙江省,2022年1月,0.0
浙江省,2021年12月,3034.7
浙江省,2021年11月,2770.8
浙江省,2021年10月,2527.2
浙江省,2021年9月,2296.7
浙江省,2021年8月,2012.7
浙江省,2021年7月,1702.3
浙江省,2021年6月,1406.0
浙江省,2021年5月,1146.4
浙江省,2021年4月,895.8
浙江省,2021年3月,645.1
浙江省,2021年2月,389.9
浙江省,2021年1月,0.0
浙江省,2020年12月,2428.2
浙江省,2020年11月,2179.4
浙江省,2020年10月,1961.7
浙江省,2020年9月,1773.0
浙江省,2020年8月,1567.0
浙江省,2020年7月,1289.2
浙江省,2020年6月,1068.9
浙江省,2020年5月,847.7
浙江省,2020年4月,611.5
浙江省,2020年3月,421.3
浙江省,2020年2月,239.6
浙江省,2020年1月,0.0
浙江省,2019年12月,2494.4
浙江省,2019年11月,2241.0
浙江省,2019年10月,2036.2
浙江省,2019年9月,1836.7
浙江省,2019年8月,1637.8
浙江省,2019年7月,1392.0
浙江省,2019年6月,1192.9
浙江省,2019年5月,1000.2
浙江省,2019年4月,805.9
浙江省,2019年3月,588.6
浙江省,2019年2月,357.1
浙江省,2019年1月,0.0
安徽省,2022年6月,1339.6
安徽省,2022年5月,1098.5
安徽省,2022年4月,878.2
安徽省,2022年3月,706.4
安徽省,2022年2月,491.7
安徽省,2022年1月,0.0
安徽省,2021年12月,2690.3
安徽省,2021年11月,2428.7
安徽省,2021年10月,2216.0
安徽省,2021年9月,2009.3
安徽省,2021年8月,1790.2
安徽省,2021年7月,1537.9
安徽省,2021年6月,1290.0
安徽省,2021年5月,1064.8
安徽省,2021年4月,859.5
安徽省,2021年3月,664.0
安徽省,2021年2月,433.6
安徽省,2021年1月,0.0
安徽省,2020年12月,2527.3
安徽省,2020年11月,2239.8
安徽省,2020年10月,2017.7
安徽省,2020年9月,1821.1
安徽省,2020年8月,1614.3
安徽省,2020年7月,1350.8
安徽省,2020年6月,1146.3
安徽省,2020年5月,936.9
安徽省,2020年4月,739.5
安徽省,2020年3月,556.2
安徽省,2020年2月,360.5
安徽省,2020年1月,0.0
安徽省,2019年12月,2637.2
安徽省,2019年11月,2382.8
安徽省,2019年10月,2177.0
安徽省,2019年9月,1990.9
安徽省,2019年8月,1788.3
安徽省,2019年7月,1528.3
安徽省,2019年6月,1265.2
安徽省,2019年5月,1046.5
安徽省,2019年4月,845.8
安徽省,2019年3月,651.4
安徽省,2019年2月,434.0
安徽省,2019年1月,0.0
福建省,2022年6月,667.0
福建省,2022年5月,559.7
福建省,2022年4月,462.4
福建省,2022年3月,359.4
福建省,2022年2月,214.6
福建省,2022年1月,0.0
福建省,2021年12月,1711.0
福建省,2021年11月,1580.7
福建省,2021年10月,1454.5
福建省,2021年9月,1319.7
福建省,2021年8月,1141.2
福建省,2021年7月,964.3
福建省,2021年6月,774.2
福建省,2021年5月,638.2
福建省,2021年4月,507.0
福建省,2021年3月,370.1
福建省,2021年2月,228.5
福建省,2021年1月,0.0
福建省,2020年12月,1561.4
福建省,2020年11月,1412.7
福建省,2020年10月,1279.3
福建省,2020年9月,1153.1
福建省,2020年8月,1003.5
福建省,2020年7月,816.2
福建省,2020年6月,635.9
福建省,2020年5月,503.7
福建省,2020年4月,387.1
福建省,2020年3月,280.3
福建省,2020年2月,177.4
福建省,2020年1月,0.0
福建省,2019年12月,1406.4
福建省,2019年11月,1266.0
福建省,2019年10月,1122.2
福建省,2019年9月,992.0
福建省,2019年8月,852.3
福建省,2019年7月,711.6
福建省,2019年6月,597.2
福建省,2019年5月,500.0
福建省,2019年4月,393.6
福建省,2019年3月,291.9
福建省,2019年2月,194.1
福建省,2019年1月,0.0
江西省,2022年6月,557.5
江西省,2022年5月,481.2
江西省,2022年4月,399.5
江西省,2022年3月,315.2
江西省,2022年2月,222.0
江西省,2022年1月,0.0
江西省,2021年12月,1233.5
江西省,2021年11月,1117.5
江西省,2021年10月,1028.6
江西省,2021年9月,939.3
江西省,2021年8月,832.6
江西省,2021年7月,715.3
江西省,2021年6月,597.4
江西省,2021年5月,487.3
江西省,2021年4月,397.6
江西省,2021年3月,297.8
江西省,2021年2月,194.3
江西省,2021年1月,0.0
江西省,2020年12月,1158.1
江西省,2020年11月,1023.9
江西省,2020年10月,916.4
江西省,2020年9月,824.0
江西省,2020年8月,727.1
江西省,2020年7月,597.7
江西省,2020年6月,486.7
江西省,2020年5月,394.1
江西省,2020年4月,300.8
江西省,2020年3月,223.0
江西省,2020年2月,148.6
江西省,2020年1月,0.0
江西省,2019年12月,1095.0
江西省,2019年11月,984.2
江西省,2019年10月,890.3
江西省,2019年9月,796.4
江西省,2019年8月,700.0
江西省,2019年7月,580.7
江西省,2019年6月,487.9
江西省,2019年5月,411.1
江西省,2019年4月,334.4
江西省,2019年3月,254.9
江西省,2019年2月,176.2
江西省,2019年1月,0.0
山东省,2022年6月,2463.6
山东省,2022年5月,2033.1
山东省,2022年4月,1648.4
山东省,2022年3月,1298.6
山东省,2022年2月,890.8
山东省,2022年1月,0.0
山东省,2021年12月,5217.3
山东省,2021年11月,4737.6
山东省,2021年10月,4296.3
山东省,2021年9月,3878.7
山东省,2021年8月,3464.0
山东省,2021年7月,2997.7
山东省,2021年6月,2539.5
山东省,2021年5月,2115.2
山东省,2021年4月,1706.4
山东省,2021年3月,1298.8
山东省,2021年2月,857.9
山东省,2021年1月,0.0
山东省,2020年12月,5067.2
山东省,2020年11月,4576.4
山东省,2020年10月,4136.3
山东省,2020年9月,3690.8
山东省,2020年8月,3231.7
山东省,2020年7月,2761.7
山东省,2020年6月,2334.4
山东省,2020年5月,1916.8
山东省,2020年4月,1547.9
山东省,2020年3月,1170.1
山东省,2020年2月,773.6
山东省,2020年1月,0.0
山东省,2019年12月,5169.4
山东省,2019年11月,4702.4
山东省,2019年10月,4272.0
山东省,2019年9月,3864.5
山东省,2019年8月,3440.6
山东省,2019年7月,2991.7
山东省,2019年6月,2519.1
山东省,2019年5月,2077.7
山东省,2019年4月,1667.7
山东省,2019年3月,1262.0
山东省,2019年2月,847.4
山东省,2019年1月,0.0
河南省,2022年6月,1278.9
河南省,2022年5月,1007.1
河南省,2022年4月,834.8
河南省,2022年3月,662.5
河南省,2022年2月,474.2
河南省,2022年1月,0.0
河南省,2021年12月,2447.3
河南省,2021年11月,2214.3
河南省,2021年10月,2038.9
河南省,2021年9月,1866.3
河南省,2021年8月,1685.5
河南省,2021年7月,1469.8
河南省,2021年6月,1231.7
河南省,2021年5月,992.0
河南省,2021年4月,811.0
河南省,2021年3月,625.3
河南省,2021年2月,423.1
河南省,2021年1月,0.0
河南省,2020年12月,2481.9
河南省,2020年11月,2226.9
河南省,2020年10月,2015.5
河南省,2020年9月,1835.6
河南省,2020年8月,1633.5
河南省,2020年7月,1379.8
河南省,2020年6月,1153.2
河南省,2020年5月,932.3
河南省,2020年4月,728.6
河南省,2020年3月,565.1
河南省,2020年2月,389.4
河南省,2020年1月,0.0
河南省,2019年12月,2532.0
河南省,2019年11月,2304.0
河南省,2019年10月,2120.5
河南省,2019年9月,1951.3
河南省,2019年8月,1753.8
河南省,2019年7月,1502.0
河南省,2019年6月,1220.1
河南省,2019年5月,1006.2
河南省,2019年4月,831.2
河南省,2019年3月,660.3
河南省,2019年2月,472.4
河南省,2019年1月,0.0
湖北省,2022年6月,675.5
湖北省,2022年5月,548.5
湖北省,2022年4月,476.5
湖北省,2022年3月,399.6
湖北省,2022年2月,288.8
湖北省,2022年1月,0.0
湖北省,2021年12月,1465.9
湖北省,2021年11月,1313.2
湖北省,2021年10月,1181.8
湖北省,2021年9月,1081.6
湖北省,2021年8月,978.7
湖北省,2021年7月,864.3
湖北省,2021年6月,741.2
湖北省,2021年5月,596.6
湖北省,2021年4月,502.1
湖北省,2021年3月,405.6
湖北省,2021年2月,265.6
湖北省,2021年1月,0.0
湖北省,2020年12月,1216.4
湖北省,2020年11月,1046.5
湖北省,2020年10月,927.0
湖北省,2020年9月,851.6
湖北省,2020年8月,758.7
湖北省,2020年7月,631.3
湖北省,2020年6月,550.7
湖北省,2020年5月,449.6
湖北省,2020年4月,341.7
湖北省,2020年3月,250.4
湖北省,2020年2月,187.8
湖北省,2020年1月,0.0
湖北省,2019年12月,1466.8
湖北省,2019年11月,1308.8
湖北省,2019年10月,1191.1
湖北省,2019年9月,1102.7
湖北省,2019年8月,968.8
湖北省,2019年7月,813.5
湖北省,2019年6月,675.8
湖北省,2019年5月,559.0
湖北省,2019年4月,461.2
湖北省,2019年3月,364.2
湖北省,2019年2月,250.2
湖北省,2019年1月,0.0
湖南省,2022年6月,417.1
湖南省,2022年5月,357.8
湖南省,2022年4月,307.6
湖南省,2022年3月,260.9
湖南省,2022年2月,195.2
湖南省,2022年1月,0.0
湖南省,2021年12月,1016.4
湖南省,2021年11月,904.4
湖南省,2021年10月,815.8
湖南省,2021年9月,734.5
湖南省,2021年8月,638.2
湖南省,2021年7月,538.2
湖南省,2021年6月,432.8
湖南省,2021年5月,351.5
湖南省,2021年4月,298.2
湖南省,2021年3月,236.8
湖南省,2021年2月,166.6
湖南省,2021年1月,0.0
湖南省,2020年12月,851.2
湖南省,2020年11月,733.7
湖南省,2020年10月,645.7
湖南省,2020年9月,598.1
湖南省,2020年8月,538.9
湖南省,2020年7月,438.1
湖南省,2020年6月,362.0
湖南省,2020年5月,303.4
湖南省,2020年4月,236.2
湖南省,2020年3月,180.3
湖南省,2020年2月,132.0
湖南省,2020年1月,0.0
湖南省,2019年12月,903.7
湖南省,2019年11月,799.0
湖南省,2019年10月,713.5
湖南省,2019年9月,635.0
湖南省,2019年8月,539.6
湖南省,2019年7月,432.7
湖南省,2019年6月,362.0
湖南省,2019年5月,308.0
湖南省,2019年4月,267.0
湖南省,2019年3月,219.0
湖南省,2019年2月,162.8
湖南省,2019年1月,0.0
广东省,2022年6月,1952.5
广东省,2022年5月,1631.0
广东省,2022年4月,1326.9
广东省,2022年3月,957.8
广东省,2022年2月,596.0
广东省,2022年1月,0.0
广东省,2021年12月,4628.8
广东省,2021年11月,4213.1
广东省,2021年10月,3855.3
广东省,2021年9月,3515.8
广东省,2021年8月,3095.5
广东省,2021年7月,2667.0
广东省,2021年6月,2220.2
广东省,2021年5月,1808.0
广东省,2021年4月,1331.8
广东省,2021年3月,950.5
广东省,2021年2月,568.6
广东省,2021年1月,0.0
广东省,2020年12月,3575.9
广东省,2020年11月,3231.9
广东省,2020年10月,2927.4
广东省,2020年9月,2655.7
广东省,2020年8月,2329.9
广东省,2020年7月,1975.3
广东省,2020年6月,1565.1
广东省,2020年5月,1233.0
广东省,2020年4月,877.9
广东省,2020年3月,614.9
广东省,2020年2月,367.5
广东省,2020年1月,0.0
广东省,2019年12月,3346.0
广东省,2019年11月,3027.2
广东省,2019年10月,2756.7
广东省,2019年9月,2454.9
广东省,2019年8月,2139.1
广东省,2019年7月,1803.3
广东省,2019年6月,1476.9
广东省,2019年5月,1159.9
广东省,2019年4月,907.9
广东省,2019年3月,654.5
广东省,2019年2月,397.5
广东省,2019年1月,0.0
广西壮族自治区,2022年6月,480.4
广西壮族自治区,2022年5月,421.1
广西壮族自治区,2022年4月,352.8
广西壮族自治区,2022年3月,270.6
广西壮族自治区,2022年2月,177.5
广西壮族自治区,2022年1月,0.0
广西壮族自治区,2021年12月,1191.9
广西壮族自治区,2021年11月,1077.7
广西壮族自治区,2021年10月,988.9
广西壮族自治区,2021年9月,903.6
广西壮族自治区,2021年8月,807.2
广西壮族自治区,2021年7月,708.3
广西壮族自治区,2021年6月,597.8
广西壮族自治区,2021年5月,493.9
广西壮族自治区,2021年4月,391.5
广西壮族自治区,2021年3月,297.9
广西壮族自治区,2021年2月,193.0
广西壮族自治区,2021年1月,0.0
广西壮族自治区,2020年12月,1064.7
广西壮族自治区,2020年11月,944.8
广西壮族自治区,2020年10月,844.8
广西壮族自治区,2020年9月,774.9
广西壮族自治区,2020年8月,693.9
广西壮族自治区,2020年7月,602.3
广西壮族自治区,2020年6月,526.9
广西壮族自治区,2020年5月,452.0
广西壮族自治区,2020年4月,338.6
广西壮族自治区,2020年3月,248.8
广西壮族自治区,2020年2月,171.2
广西壮族自治区,2020年1月,0.0
广西壮族自治区,2019年12月,1005.8
广西壮族自治区,2019年11月,904.9
广西壮族自治区,2019年10月,798.0
广西壮族自治区,2019年9月,688.1
广西壮族自治区,2019年8月,590.9
广西壮族自治区,2019年7月,516.1
广西壮族自治区,2019年6月,458.2
广西壮族自治区,2019年5月,378.6
广西壮族自治区,2019年4月,285.1
广西壮族自治区,2019年3月,216.9
广西壮族自治区,2019年2月,148.7
广西壮族自治区,2019年1月,0.0
海南省,2022年6月,116.4
海南省,2022年5月,93.1
海南省,2022年4月,73.8
海南省,2022年3月,51.1
海南省,2022年2月,33.2
海南省,2022年1月,0.0
海南省,2021年12月,245.7
海南省,2021年11月,227.0
海南省,2021年10月,211.6
海南省,2021年9月,196.1
海南省,2021年8月,172.7
海南省,2021年7月,148.7
海南省,2021年6月,123.9
海南省,2021年5月,99.7
海南省,2021年4月,73.6
海南省,2021年3月,50.4
海南省,2021年2月,31.3
海南省,2021年1月,0.0
海南省,2020年12月,208.2
海南省,2020年11月,192.3
海南省,2020年10月,180.6
海南省,2020年9月,166.4
海南省,2020年8月,147.1
海南省,2020年7月,129.1
海南省,2020年6月,104.0
海南省,2020年5月,85.6
海南省,2020年4月,64.2
海南省,2020年3月,48.3
海南省,2020年2月,31.7
海南省,2020年1月,0.0
海南省,2019年12月,209.8
海南省,2019年11月,192.7
海南省,2019年10月,179.2
海南省,2019年9月,163.1
海南省,2019年8月,148.3
海南省,2019年7月,131.5
海南省,2019年6月,110.7
海南省,2019年5月,90.4
海南省,2019年4月,70.5
海南省,2019年3月,50.7
海南省,2019年2月,32.7
海南省,2019年1月,0.0
重庆市,2022年6月,321.3
重庆市,2022年5月,275.6
重庆市,2022年4月,238.7
重庆市,2022年3月,192.9
重庆市,2022年2月,127.8
重庆市,2022年1月,0.0
重庆市,2021年12月,673.8
重庆市,2021年11月,603.4
重庆市,2021年10月,543.6
重庆市,2021年9月,497.3
重庆市,2021年8月,456.2
重庆市,2021年7月,399.5
重庆市,2021年6月,344.1
重庆市,2021年5月,288.6
重庆市,2021年4月,245.1
重庆市,2021年3月,188.4
重庆市,2021年2月,127.9
重庆市,2021年1月,0.0
重庆市,2020年12月,535.0
重庆市,2020年11月,458.5
重庆市,2020年10月,410.4
重庆市,2020年9月,385.5
重庆市,2020年8月,353.2
重庆市,2020年7月,292.9
重庆市,2020年6月,261.0
重庆市,2020年5月,222.1
重庆市,2020年4月,173.3
重庆市,2020年3月,127.4
重庆市,2020年2月,86.4
重庆市,2020年1月,0.0
重庆市,2019年12月,552.6
重庆市,2019年11月,485.9
重庆市,2019年10月,439.6
重庆市,2019年9月,406.2
重庆市,2019年8月,360.0
重庆市,2019年7月,303.9
重庆市,2019年6月,267.5
重庆市,2019年5月,234.7
重庆市,2019年4月,197.3
重庆市,2019年3月,151.2
重庆市,2019年2月,105.0
重庆市,2019年1月,0.0
四川省,2022年6月,409.1
四川省,2022年5月,367.1
四川省,2022年4月,327.5
四川省,2022年3月,272.1
四川省,2022年2月,174.0
四川省,2022年1月,0.0
四川省,2021年12月,663.0
四川省,2021年11月,563.2
四川省,2021年10月,524.2
四川省,2021年9月,498.6
四川省,2021年8月,469.5
四川省,2021年7月,424.5
四川省,2021年6月,373.4
四川省,2021年5月,337.3
四川省,2021年4月,279.0
四川省,2021年3月,204.8
四川省,2021年2月,132.0
四川省,2021年1月,0.0
四川省,2020年12月,524.4
四川省,2020年11月,444.4
四川省,2020年10月,401.1
四川省,2020年9月,374.2
四川省,2020年8月,347.6
四川省,2020年7月,312.0
四川省,2020年6月,280.2
四川省,2020年5月,241.7
四川省,2020年4月,189.7
四川省,2020年3月,139.2
四川省,2020年2月,104.9
四川省,2020年1月,0.0
四川省,2019年12月,502.5
四川省,2019年11月,429.7
四川省,2019年10月,396.8
四川省,2019年9月,372.2
四川省,2019年8月,344.4
四川省,2019年7月,295.9
四川省,2019年6月,266.1
四川省,2019年5月,232.3
四川省,2019年4月,201.6
四川省,2019年3月,150.6
四川省,2019年2月,96.9
四川省,2019年1月,0.0
贵州省,2022年6月,641.5
贵州省,2022年5月,581.6
贵州省,2022年4月,483.6
贵州省,2022年3月,384.1
贵州省,2022年2月,264.9
贵州省,2022年1月,0.0
贵州省,2021年12月,1444.7
贵州省,2021年11月,1283.0
贵州省,2021年10月,1149.1
贵州省,2021年9月,1047.6
贵州省,2021年8月,942.8
贵州省,2021年7月,848.2
贵州省,2021年6月,748.0
贵州省,2021年5月,643.4
贵州省,2021年4月,533.1
贵州省,2021年3月,398.8
贵州省,2021年2月,268.9
贵州省,2021年1月,0.0
贵州省,2020年12月,1329.3
贵州省,2020年11月,1134.5
贵州省,2020年10月,979.7
贵州省,2020年9月,899.5
贵州省,2020年8月,808.5
贵州省,2020年7月,677.0
贵州省,2020年6月,617.2
贵州省,2020年5月,534.9
贵州省,2020年4月,407.4
贵州省,2020年3月,283.4
贵州省,2020年2月,171.6
贵州省,2020年1月,0.0
贵州省,2019年12月,1338.8
贵州省,2019年11月,1185.6
贵州省,2019年10月,1060.0
贵州省,2019年9月,948.7
贵州省,2019年8月,832.0
贵州省,2019年7月,717.7
贵州省,2019年6月,640.4
贵州省,2019年5月,561.9
贵州省,2019年4月,457.1
贵州省,2019年3月,338.4
贵州省,2019年2月,206.0
贵州省,2019年1月,0.0
云南省,2022年6月,229.8
云南省,2022年5月,209.4
云南省,2022年4月,180.5
云南省,2022年3月,142.1
云南省,2022年2月,88.2
云南省,2022年1月,0.0
云南省,2021年12月,452.2
云南省,2021年11月,400.5
云南省,2021年10月,362.8
云南省,2021年9月,343.8
云南省,2021年8月,326.1
云南省,2021年7月,305.7
云南省,2021年6月,283.0
云南省,2021年5月,245.8
云南省,2021年4月,203.7
云南省,2021年3月,151.5
云南省,2021年2月,99.4
云南省,2021年1月,0.0
云南省,2020年12月,409.8
云南省,2020年11月,354.4
云南省,2020年10月,325.9
云南省,2020年9月,308.9
云南省,2020年8月,295.3
云南省,2020年7月,280.0
云南省,2020年6月,259.9
云南省,2020年5月,217.9
云南省,2020年4月,163.5
云南省,2020年3月,112.2
云南省,2020年2月,66.9
云南省,2020年1月,0.0
云南省,2019年12月,309.3
云南省,2019年11月,262.5
云南省,2019年10月,225.5
云南省,2019年9月,202.9
云南省,2019年8月,188.3
云南省,2019年7月,173.0
云南省,2019年6月,157.3
云南省,2019年5月,123.0
云南省,2019年4月,93.1
云南省,2019年3月,63.4
云南省,2019年2月,41.4
云南省,2019年1月,0.0
西藏自治区,2022年6月,1.5
西藏自治区,2022年5月,1.2
西藏自治区,2022年4月,0.8
西藏自治区,2022年3月,0.5
西藏自治区,2022年2月,0.2
西藏自治区,2022年1月,0.0
西藏自治区,2021年12月,3.5
西藏自治区,2021年11月,3.4
西藏自治区,2021年10月,3.1
西藏自治区,2021年9月,2.8
西藏自治区,2021年8月,2.5
西藏自治区,2021年7月,2.2
西藏自治区,2021年6月,1.9
西藏自治区,2021年5月,1.6
西藏自治区,2021年4月,1.3
西藏自治区,2021年3月,0.9
西藏自治区,2021年2月,0.6
西藏自治区,2021年1月,0.0
西藏自治区,2020年12月,4.1
西藏自治区,2020年11月,3.8
西藏自治区,2020年10月,3.5
西藏自治区,2020年9月,3.2
西藏自治区,2020年8月,2.9
西藏自治区,2020年7月,2.5
西藏自治区,2020年6月,2.2
西藏自治区,2020年5月,1.8
西藏自治区,2020年4月,1.4
西藏自治区,2020年3月,1.1
西藏自治区,2020年2月,0.7
西藏自治区,2020年1月,0.0
西藏自治区,2019年12月,3.9
西藏自治区,2019年11月,3.6
西藏自治区,2019年10月,3.1
西藏自治区,2019年9月,2.7
西藏自治区,2019年8月,2.4
西藏自治区,2019年7月,2.0
西藏自治区,2019年6月,1.7
西藏自治区,2019年5月,1.4
西藏自治区,2019年4月,0.7
西藏自治区,2019年3月,0.5
西藏自治区,2019年2月,0.3
西藏自治区,2019年1月,0.0
陕西省,2022年6月,1132.8
陕西省,2022年5月,943.6
陕西省,2022年4月,772.0
陕西省,2022年3月,600.8
陕西省,2022年2月,414.8
陕西省,2022年1月,0.0
陕西省,2021年12月,2276.4
陕西省,2021年11月,2041.4
陕西省,2021年10月,1874.2
陕西省,2021年9月,1712.7
陕西省,2021年8月,1568.5
陕西省,2021年7月,1372.3
陕西省,2021年6月,1173.2
陕西省,2021年5月,984.2
陕西省,2021年4月,814.0
陕西省,2021年3月,627.8
陕西省,2021年2月,404.0
陕西省,2021年1月,0.0
陕西省,2020年12月,2008.7
陕西省,2020年11月,1791.9
陕西省,2020年10月,1602.1
陕西省,2020年9月,1446.9
陕西省,2020年8月,1291.9
陕西省,2020年7月,1129.3
陕西省,2020年6月,968.2
陕西省,2020年5月,820.4
陕西省,2020年4月,661.9
陕西省,2020年3月,497.1
陕西省,2020年2月,337.7
陕西省,2020年1月,0.0
陕西省,2019年12月,1859.1
陕西省,2019年11月,1656.9
陕西省,2019年10月,1402.8
陕西省,2019年9月,1286.6
陕西省,2019年8月,1162.4
陕西省,2019年7月,1016.9
陕西省,2019年6月,874.8
陕西省,2019年5月,746.8
陕西省,2019年4月,609.1
陕西省,2019年3月,474.2
陕西省,2019年2月,308.6
陕西省,2019年1月,0.0
甘肃省,2022年6月,496.3
甘肃省,2022年5月,422.5
甘肃省,2022年4月,350.8
甘肃省,2022年3月,273.3
甘肃省,2022年2月,187.0
甘肃省,2022年1月,0.0
甘肃省,2021年12月,1003.9
甘肃省,2021年11月,895.6
甘肃省,2021年10月,808.9
甘肃省,2021年9月,744.8
甘肃省,2021年8月,678.3
甘肃省,2021年7月,601.2
甘肃省,2021年6月,523.0
甘肃省,2021年5月,448.6
甘肃省,2021年4月,378.1
甘肃省,2021年3月,296.8
甘肃省,2021年2月,200.6
甘肃省,2021年1月,0.0
甘肃省,2020年12月,874.4
甘肃省,2020年11月,760.4
甘肃省,2020年10月,661.0
甘肃省,2020年9月,611.9
甘肃省,2020年8月,566.4
甘肃省,2020年7月,502.3
甘肃省,2020年6月,445.9
甘肃省,2020年5月,388.8
甘肃省,2020年4月,331.1
甘肃省,2020年3月,256.7
甘肃省,2020年2月,171.4
甘肃省,2020年1月,0.0
甘肃省,2019年12月,785.3
甘肃省,2019年11月,683.2
甘肃省,2019年10月,604.6
甘肃省,2019年9月,551.6
甘肃省,2019年8月,502.8
甘肃省,2019年7月,447.2
甘肃省,2019年6月,401.6
甘肃省,2019年5月,359.9
甘肃省,2019年4月,319.7
甘肃省,2019年3月,262.8
甘肃省,2019年2月,176.9
甘肃省,2019年1月,0.0
青海省,2022年6月,79.4
青海省,2022年5月,70.8
青海省,2022年4月,60.0
青海省,2022年3月,48.7
青海省,2022年2月,34.4
青海省,2022年1月,0.0
青海省,2021年12月,149.9
青海省,2021年11月,130.8
青海省,2021年10月,114.4
青海省,2021年9月,101.8
青海省,2021年8月,93.6
青海省,2021年7月,84.4
青海省,2021年6月,77.0
青海省,2021年5月,69.0
青海省,2021年4月,62.7
青海省,2021年3月,51.7
青海省,2021年2月,35.9
青海省,2021年1月,0.0
青海省,2020年12月,103.6
青海省,2020年11月,86.1
青海省,2020年10月,76.1
青海省,2020年9月,71.1
青海省,2020年8月,67.9
青海省,2020年7月,65.3
青海省,2020年6月,62.5
青海省,2020年5月,59.7
青海省,2020年4月,54.0
青海省,2020年3月,43.3
青海省,2020年2月,28.0
青海省,2020年1月,0.0
青海省,2019年12月,106.7
青海省,2019年11月,90.0
青海省,2019年10月,78.6
青海省,2019年9月,72.7
青海省,2019年8月,67.7
青海省,2019年7月,64.7
青海省,2019年6月,61.9
青海省,2019年5月,58.9
青海省,2019年4月,54.5
青海省,2019年3月,48.5
青海省,2019年2月,33.7
青海省,2019年1月,0.0
宁夏回族自治区,2022年6月,820.4
宁夏回族自治区,2022年5月,692.2
宁夏回族自治区,2022年4月,546.1
宁夏回族自治区,2022年3月,410.2
宁夏回族自治区,2022年2月,280.4
宁夏回族自治区,2022年1月,0.0
宁夏回族自治区,2021年12月,1596.9
宁夏回族自治区,2021年11月,1438.7
宁夏回族自治区,2021年10月,1300.4
宁夏回族自治区,2021年9月,1186.5
宁夏回族自治区,2021年8月,1088.4
宁夏回族自治区,2021年7月,963.2
宁夏回族自治区,2021年6月,832.1
宁夏回族自治区,2021年5月,702.5
宁夏回族自治区,2021年4月,572.0
宁夏回族自治区,2021年3月,437.4
宁夏回族自治区,2021年2月,275.3
宁夏回族自治区,2021年1月,0.0
宁夏回族自治区,2020年12月,1529.3
宁夏回族自治区,2020年11月,1361.9
宁夏回族自治区,2020年10月,1219.9
宁夏回族自治区,2020年9月,1099.0
宁夏回族自治区,2020年8月,986.6
宁夏回族自治区,2020年7月,848.1
宁夏回族自治区,2020年6月,713.3
宁夏回族自治区,2020年5月,600.2
宁夏回族自治区,2020年4月,483.4
宁夏回族自治区,2020年3月,362.8
宁夏回族自治区,2020年2月,243.3
宁夏回族自治区,2020年1月,0.0
宁夏回族自治区,2019年12月,1416.6
宁夏回族自治区,2019年11月,1274.8
宁夏回族自治区,2019年10月,1149.1
宁夏回族自治区,2019年9月,1041.1
宁夏回族自治区,2019年8月,920.2
宁夏回族自治区,2019年7月,786.9
宁夏回族自治区,2019年6月,652.6
宁夏回族自治区,2019年5月,547.8
宁夏回族自治区,2019年4月,442.3
宁夏回族自治区,2019年3月,348.2
宁夏回族自治区,2019年2月,237.2
宁夏回族自治区,2019年1月,0.0
新疆维吾尔自治区,2022年6月,1802.6
新疆维吾尔自治区,2022年5月,1513.4
新疆维吾尔自治区,2022年4月,1250.7
新疆维吾尔自治区,2022年3月,973.7
新疆维吾尔自治区,2022年2月,656.6
新疆维吾尔自治区,2022年1月,0.0
新疆维吾尔自治区,2021年12月,3670.7
新疆维吾尔自治区,2021年11月,3334.0
新疆维吾尔自治区,2021年10月,3014.2
新疆维吾尔自治区,2021年9月,2734.6
新疆维吾尔自治区,2021年8月,2449.0
新疆维吾尔自治区,2021年7月,2136.5
新疆维吾尔自治区,2021年6月,1836.2
新疆维吾尔自治区,2021年5月,1543.5
新疆维吾尔自治区,2021年4月,1268.6
新疆维吾尔自治区,2021年3月,983.7
新疆维吾尔自治区,2021年2月,665.1
新疆维吾尔自治区,2021年1月,0.0
新疆维吾尔自治区,2020年12月,3257.6
新疆维吾尔自治区,2020年11月,2901.0
新疆维吾尔自治区,2020年10月,2598.6
新疆维吾尔自治区,2020年9月,2343.6
新疆维吾尔自治区,2020年8月,2080.7
新疆维吾尔自治区,2020年7月,1803.3
新疆维吾尔自治区,2020年6月,1535.3
新疆维吾尔自治区,2020年5月,1291.7
新疆维吾尔自治区,2020年4月,1073.5
新疆维吾尔自治区,2020年3月,791.4
新疆维吾尔自治区,2020年2月,542.9
新疆维吾尔自治区,2020年1月,0.0
新疆维吾尔自治区,2019年12月,2822.0
新疆维吾尔自治区,2019年11月,2520.3
新疆维吾尔自治区,2019年10月,2244.6
新疆维吾尔自治区,2019年9月,2005.2
新疆维吾尔自治区,2019年8月,1804.3
新疆维吾尔自治区,2019年7月,1571.9
新疆维吾尔自治区,2019年6月,1322.8
新疆维吾尔自治区,2019年5月,1126.9
新疆维吾尔自治区,2019年4月,916.3
新疆维吾尔自治区,2019年3月,711.1
新疆维吾尔自治区,2019年2月,472.6
新疆维吾尔自治区,2019年1月,0.0
