date,state,value,sector
2019-01-01,Heilongjiang,0.003718495414900867,Aviation
2019-01-01,Jilin,0.0036086015568537436,Aviation
2019-01-01,Liaoning,0.00782179307819687,Aviation
2019-01-01,Guangdong,0.010679424668094574,Aviation
2019-01-01,Guangxi,0.0021002602333770933,Aviation
2019-01-01,Hainan,0.0005271939752597853,Aviation
2019-01-01,Henan,0.005312446469382409,Aviation
2019-01-01,Hubei,0.004492722458343589,Aviation
2019-01-01,Hunan,0.003945351518543958,Aviation
2019-01-01,Anhui,0.009681118956092208,Aviation
2019-01-01,Beijing,0.009313177456235453,Aviation
2019-01-01,Fujian,0.011121281958889962,Aviation
2019-01-01,Hebei,0.009190586005767228,Aviation
2019-01-01,InnerMongolia,0.004388864664492962,Aviation
2019-01-01,Jiangsu,0.02592200279469782,Aviation
2019-01-01,Jiangxi,0.006481312562584841,Aviation
2019-01-01,Shandong,0.018534459081320356,Aviation
2019-01-01,Shanghai,0.009981198184380846,Aviation
2019-01-01,Shanxi,0.004456655301010129,Aviation
2019-01-01,Tianjin,0.003693061475767135,Aviation
2019-01-01,Zhejiang,0.016411840887617532,Aviation
2019-01-01,Chongqing,0.009772527520062442,Aviation
2019-01-01,Gansu,0.0036092700003162626,Aviation
2019-01-01,Guizhou,0.006942313255484123,Aviation
2019-01-01,Ningxia,0.0015518284605197826,Aviation
2019-01-01,Qinghai,0.0012175685153725385,Aviation
2019-01-01,Shaanxi,0.010678089988374826,Aviation
2019-01-01,Sichuan,0.019194071751444778,Aviation
2019-01-01,Tibet,0.0007028695250425464,Aviation
2019-01-01,Xinjiang,0.005629051097196167,Aviation
2019-01-01,Yunnan,0.009614361184376816,Aviation
2020-01-01,Heilongjiang,0.004023389123191203,Aviation
2020-01-01,Jilin,0.004024082030066765,Aviation
2020-01-01,Liaoning,0.008546364103661275,Aviation
2020-01-01,Guangdong,0.011660716610602483,Aviation
2020-01-01,Guangxi,0.0024062805262256366,Aviation
2020-01-01,Hainan,0.0005790126072434815,Aviation
2020-01-01,Henan,0.005859626796382609,Aviation
2020-01-01,Hubei,0.0032000905484753438,Aviation
2020-01-01,Hunan,0.004527607051412405,Aviation
2020-01-01,Anhui,0.010035113156817705,Aviation
2020-01-01,Beijing,0.00968721493131892,Aviation
2020-01-01,Fujian,0.011655210426136575,Aviation
2020-01-01,Hebei,0.009610742310387032,Aviation
2020-01-01,InnerMongolia,0.004602947083592017,Aviation
2020-01-01,Jiangsu,0.027409744832281053,Aviation
2020-01-01,Jiangxi,0.006991972641400314,Aviation
2020-01-01,Shandong,0.019365712505849012,Aviation
2020-01-01,Shanghai,0.010313990274448102,Aviation
2020-01-01,Shanxi,0.004788725962702293,Aviation
2020-01-01,Tianjin,0.0037277792717226627,Aviation
2020-01-01,Zhejiang,0.017119714239066906,Aviation
2020-01-01,Chongqing,0.010150640180199337,Aviation
2020-01-01,Gansu,0.003861704337439863,Aviation
2020-01-01,Guizhou,0.00754094737497924,Aviation
2020-01-01,Ningxia,0.0016521980524429698,Aviation
2020-01-01,Qinghai,0.001327969284686153,Aviation
2020-01-01,Shaanxi,0.010982636863238844,Aviation
2020-01-01,Sichuan,0.020630044222881092,Aviation
2020-01-01,Tibet,0.0007814598651334702,Aviation
2020-01-01,Xinjiang,0.006058703522633078,Aviation
2020-01-01,Yunnan,0.010393359263381788,Aviation
2021-01-01,Heilongjiang,0.0020250105042114146,Aviation
2021-01-01,Jilin,0.002084422759255018,Aviation
2021-01-01,Liaoning,0.00439597802558409,Aviation
2021-01-01,Guangdong,0.01034064900356208,Aviation
2021-01-01,Guangxi,0.0021037600471416357,Aviation
2021-01-01,Hainan,0.0005365145033274242,Aviation
2021-01-01,Henan,0.005046066607652452,Aviation
2021-01-01,Hubei,0.003743853781247526,Aviation
2021-01-01,Hunan,0.003877082470614397,Aviation
2021-01-01,Anhui,0.007253061802173408,Aviation
2021-01-01,Beijing,0.006786284987747276,Aviation
2021-01-01,Fujian,0.00818277723346888,Aviation
2021-01-01,Hebei,0.006660396695371744,Aviation
2021-01-01,InnerMongolia,0.003214008767662495,Aviation
2021-01-01,Jiangsu,0.01969722463340788,Aviation
2021-01-01,Jiangxi,0.0050043673658549765,Aviation
2021-01-01,Shandong,0.013742880434812216,Aviation
2021-01-01,Shanghai,0.007199571702358091,Aviation
2021-01-01,Shanxi,0.0034131362919035215,Aviation
2021-01-01,Tianjin,0.002590974496128652,Aviation
2021-01-01,Zhejiang,0.01244226666989166,Aviation
2021-01-01,Chongqing,0.009810667622518912,Aviation
2021-01-01,Gansu,0.0036116603136930633,Aviation
2021-01-01,Guizhou,0.007096222534195045,Aviation
2021-01-01,Ningxia,0.001589975447749462,Aviation
2021-01-01,Qinghai,0.001217294644745341,Aviation
2021-01-01,Shaanxi,0.010395759387785695,Aviation
2021-01-01,Sichuan,0.01940655722051192,Aviation
2021-01-01,Tibet,0.0007784676018290611,Aviation
2021-01-01,Xinjiang,0.005567938646681749,Aviation
2021-01-01,Yunnan,0.009750767796912575,Aviation
2022-01-01,Heilongjiang,0.0025857968478964983,Aviation
2022-01-01,Jilin,0.0022379846246086597,Aviation
2022-01-01,Liaoning,0.0053987253804446775,Aviation
2022-01-01,Guangdong,0.006967530774997349,Aviation
2022-01-01,Guangxi,0.0014460758396177037,Aviation
2022-01-01,Hainan,0.00038969465031670153,Aviation
2022-01-01,Henan,0.0034787277711079857,Aviation
2022-01-01,Hubei,0.002641578855220967,Aviation
2022-01-01,Hunan,0.0027035558392073714,Aviation
2022-01-01,Anhui,0.005322232357182303,Aviation
2022-01-01,Beijing,0.004841684825719702,Aviation
2022-01-01,Fujian,0.0060996618758390655,Aviation
2022-01-01,Hebei,0.004916963576340352,Aviation
2022-01-01,InnerMongolia,0.002612022459359527,Aviation
2022-01-01,Jiangsu,0.01432900877760624,Aviation
2022-01-01,Jiangxi,0.0037652336669404905,Aviation
2022-01-01,Shandong,0.010249138118884064,Aviation
2022-01-01,Shanghai,0.005148668443565636,Aviation
2022-01-01,Shanxi,0.0028356161903639295,Aviation
2022-01-01,Tianjin,0.0018200011249395174,Aviation
2022-01-01,Zhejiang,0.009199679504738444,Aviation
2022-01-01,Chongqing,0.006528495517014469,Aviation
2022-01-01,Gansu,0.0025296848712317794,Aviation
2022-01-01,Guizhou,0.004913708170870267,Aviation
2022-01-01,Ningxia,0.0011368541279104857,Aviation
2022-01-01,Qinghai,0.0008503268473262997,Aviation
2022-01-01,Shaanxi,0.007413597470189454,Aviation
2022-01-01,Sichuan,0.01299907334013307,Aviation
2022-01-01,Tibet,0.0005273306030381146,Aviation
2022-01-01,Xinjiang,0.004056381404937098,Aviation
2022-01-01,Yunnan,0.006597566142451585,Aviation
2019-02-01,Heilongjiang,0.004180198701351567,Aviation
2019-02-01,Jilin,0.004056659981670936,Aviation
2019-02-01,Liaoning,0.008792978239719234,Aviation
2019-02-01,Guangdong,0.01253254610931062,Aviation
2019-02-01,Guangxi,0.0024647028313226644,Aviation
2019-02-01,Hainan,0.0006186740399258892,Aviation
2019-02-01,Henan,0.006234275946501761,Aviation
2019-02-01,Hubei,0.005272311300976874,Aviation
2019-02-01,Hunan,0.00462995913734116,Aviation
2019-02-01,Anhui,0.010807893770780999,Aviation
2019-02-01,Beijing,0.010397127963403823,Aviation
2019-02-01,Fujian,0.012415675765552614,Aviation
2019-02-01,Hebei,0.010260268228503806,Aviation
2019-02-01,InnerMongolia,0.004899679808016867,Aviation
2019-02-01,Jiangsu,0.028939036262402303,Aviation
2019-02-01,Jiangxi,0.007235665421460829,Aviation
2019-02-01,Shandong,0.020691664440683242,Aviation
2019-02-01,Shanghai,0.011142898891250147,Aviation
2019-02-01,Shanxi,0.004975360522348985,Aviation
2019-02-01,Tianjin,0.004122892849481783,Aviation
2019-02-01,Zhejiang,0.018321997044020315,Aviation
2019-02-01,Chongqing,0.011227060109227593,Aviation
2019-02-01,Gansu,0.004146469903593936,Aviation
2019-02-01,Guizhou,0.007975599767449902,Aviation
2019-02-01,Ningxia,0.001782800956016581,Aviation
2019-02-01,Qinghai,0.001398790116592387,Aviation
2019-02-01,Shaanxi,0.012267405530975618,Aviation
2019-02-01,Sichuan,0.02205089695085564,Aviation
2019-02-01,Tibet,0.0008074838766528951,Aviation
2019-02-01,Xinjiang,0.006466873068036234,Aviation
2019-02-01,Yunnan,0.011045352464572356,Aviation
2020-02-01,Heilongjiang,0.0026323761597637487,Aviation
2020-02-01,Jilin,0.0026328295068013567,Aviation
2020-02-01,Liaoning,0.005591615533646062,Aviation
2020-02-01,Guangdong,0.005194057270765047,Aviation
2020-02-01,Guangxi,0.0010718345432885776,Aviation
2020-02-01,Hainan,0.00025791079081565377,Aviation
2020-02-01,Henan,0.0026100657602850514,Aviation
2020-02-01,Hubei,0.001425422993755093,Aviation
2020-02-01,Hunan,0.0020167414327840897,Aviation
2020-02-01,Anhui,0.005832053581206324,Aviation
2020-02-01,Beijing,0.005629867411483161,Aviation
2020-02-01,Fujian,0.006773596933412028,Aviation
2020-02-01,Hebei,0.005585424223269884,Aviation
2020-02-01,InnerMongolia,0.0026750703857014546,Aviation
2020-02-01,Jiangsu,0.015929576279910047,Aviation
2020-02-01,Jiangxi,0.0040634877201431085,Aviation
2020-02-01,Shandong,0.01125466860287649,Aviation
2020-02-01,Shanghai,0.005994127119110372,Aviation
2020-02-01,Shanxi,0.0027830385132448362,Aviation
2020-02-01,Tianjin,0.0021664537421610037,Aviation
2020-02-01,Zhejiang,0.009949373681884907,Aviation
2020-02-01,Chongqing,0.006151195552177167,Aviation
2020-02-01,Gansu,0.0023401576770123384,Aviation
2020-02-01,Guizhou,0.004569745467153711,Aviation
2020-02-01,Ningxia,0.0010012169805139722,Aviation
2020-02-01,Qinghai,0.0008047372985719414,Aviation
2020-02-01,Shaanxi,0.00665537796878197,Aviation
2020-02-01,Sichuan,0.012501619012418997,Aviation
2020-02-01,Tibet,0.00047355756496921534,Aviation
2020-02-01,Xinjiang,0.0036715191848765575,Aviation
2020-02-01,Yunnan,0.006298281107215629,Aviation
2021-02-01,Heilongjiang,0.0015963729135900827,Aviation
2021-02-01,Jilin,0.0016432092704828719,Aviation
2021-02-01,Liaoning,0.0034654735045497823,Aviation
2021-02-01,Guangdong,0.006866734981655552,Aviation
2021-02-01,Guangxi,0.0013970073545423046,Aviation
2021-02-01,Hainan,0.0003562738573657091,Aviation
2021-02-01,Henan,0.003350853711657268,Aviation
2021-02-01,Hubei,0.002486115882769064,Aviation
2021-02-01,Hunan,0.0025745867419501973,Aviation
2021-02-01,Anhui,0.00453918324779884,Aviation
2021-02-01,Beijing,0.004247060341046679,Aviation
2021-02-01,Fujian,0.005121027002348379,Aviation
2021-02-01,Hebei,0.0041682756783165496,Aviation
2021-02-01,InnerMongolia,0.002011422921018069,Aviation
2021-02-01,Jiangsu,0.01232711295211958,Aviation
2021-02-01,Jiangxi,0.003131882938887037,Aviation
2021-02-01,Shandong,0.008600706066989414,Aviation
2021-02-01,Shanghai,0.004505707541727777,Aviation
2021-02-01,Shanxi,0.0021360428879869985,Aviation
2021-02-01,Tianjin,0.0016215094189293896,Aviation
2021-02-01,Zhejiang,0.007786743029777332,Aviation
2021-02-01,Chongqing,0.006396398665882419,Aviation
2021-02-01,Gansu,0.0023547448655890073,Aviation
2021-02-01,Guizhou,0.004626623803495635,Aviation
2021-02-01,Ningxia,0.001036638608510853,Aviation
2021-02-01,Qinghai,0.0007936566746754951,Aviation
2021-02-01,Shaanxi,0.006777869156043652,Aviation
2021-02-01,Sichuan,0.012652765488632664,Aviation
2021-02-01,Tibet,0.0005075484484198277,Aviation
2021-02-01,Xinjiang,0.0036302071073738176,Aviation
2021-02-01,Yunnan,0.006357344935867592,Aviation
2022-02-01,Heilongjiang,0.0015680999940751456,Aviation
2022-02-01,Jilin,0.0013571768715875535,Aviation
2022-02-01,Liaoning,0.003273939035069746,Aviation
2022-02-01,Guangdong,0.004234725363094379,Aviation
2022-02-01,Guangxi,0.0008788958718290611,Aviation
2022-02-01,Hainan,0.00023684858708915732,Aviation
2022-02-01,Henan,0.0021143009194124927,Aviation
2022-02-01,Hubei,0.001605498610348409,Aviation
2022-02-01,Hunan,0.001643166977305196,Aviation
2022-02-01,Anhui,0.0030112839817649623,Aviation
2022-02-01,Beijing,0.0027393933563928485,Aviation
2022-02-01,Fujian,0.0034511484783465787,Aviation
2022-02-01,Hebei,0.002781985577231405,Aviation
2022-02-01,InnerMongolia,0.0014778650881833793,Aviation
2022-02-01,Jiangsu,0.008107258704770092,Aviation
2022-02-01,Jiangxi,0.002130344387080225,Aviation
2022-02-01,Shandong,0.005798894781931665,Aviation
2022-02-01,Shanghai,0.002913082663631794,Aviation
2022-02-01,Shanxi,0.0016043729471813114,Aviation
2022-02-01,Tianjin,0.0010297446384370335,Aviation
2022-02-01,Zhejiang,0.005205118016428876,Aviation
2022-02-01,Chongqing,0.003757065836426742,Aviation
2022-02-01,Gansu,0.0014558013529856607,Aviation
2022-02-01,Guizhou,0.0028277763308306642,Aviation
2022-02-01,Ningxia,0.0006542450391275572,Aviation
2022-02-01,Qinghai,0.0004893522465566581,Aviation
2022-02-01,Shaanxi,0.004266430712509102,Aviation
2022-02-01,Sichuan,0.007480800779312444,Aviation
2022-02-01,Tibet,0.00030347203088573396,Aviation
2022-02-01,Xinjiang,0.002334395720466902,Aviation
2022-02-01,Yunnan,0.0037968150997070996,Aviation
2019-03-01,Heilongjiang,0.0038115086831121358,Aviation
2019-03-01,Jilin,0.0036988659748573567,Aviation
2019-03-01,Liaoning,0.008017444936354288,Aviation
2019-03-01,Guangdong,0.011465691296304308,Aviation
2019-03-01,Guangxi,0.002254890710521967,Aviation
2019-03-01,Hainan,0.0005660083348552441,Aviation
2019-03-01,Henan,0.005703572349553194,Aviation
2019-03-01,Hubei,0.004823496619741764,Aviation
2019-03-01,Hunan,0.004235825802692941,Aviation
2019-03-01,Anhui,0.01034818460642281,Aviation
2019-03-01,Beijing,0.009954890547941504,Aviation
2019-03-01,Fujian,0.011887580277923502,Aviation
2019-03-01,Hebei,0.009823852083651595,Aviation
2019-03-01,InnerMongolia,0.00469127401148179,Aviation
2019-03-01,Jiangsu,0.027708126664318877,Aviation
2019-03-01,Jiangxi,0.006927899470478991,Aviation
2019-03-01,Shandong,0.01981155329498321,Aviation
2019-03-01,Shanghai,0.010668940426588615,Aviation
2019-03-01,Shanxi,0.004763735678820912,Aviation
2019-03-01,Tianjin,0.003947527355818471,Aviation
2019-03-01,Zhejiang,0.01754267869308957,Aviation
2019-03-01,Chongqing,0.010502489679476083,Aviation
2019-03-01,Gansu,0.0038788656108611334,Aviation
2019-03-01,Guizhou,0.00746087162893415,Aviation
2019-03-01,Ningxia,0.0016677427981110497,Aviation
2019-03-01,Qinghai,0.0013085151963505004,Aviation
2019-03-01,Shaanxi,0.011475693434394843,Aviation
2019-03-01,Sichuan,0.020627779258009623,Aviation
2019-03-01,Tibet,0.0007553705955417479,Aviation
2019-03-01,Xinjiang,0.006049514921516278,Aviation
2019-03-01,Yunnan,0.010332509057291234,Aviation
2020-03-01,Heilongjiang,0.001635110937546973,Aviation
2020-03-01,Jilin,0.0016353925358652663,Aviation
2020-03-01,Liaoning,0.0034732542625833507,Aviation
2020-03-01,Guangdong,0.004754817767581982,Aviation
2020-03-01,Guangxi,0.000981194019369363,Aviation
2020-03-01,Hainan,0.00023610036368366057,Aviation
2020-03-01,Henan,0.0023893435140604023,Aviation
2020-03-01,Hubei,0.0013048809868105987,Aviation
2020-03-01,Hunan,0.0018461941209608726,Aviation
2020-03-01,Anhui,0.004056001046351176,Aviation
2020-03-01,Beijing,0.003915387229187774,Aviation
2020-03-01,Fujian,0.00471081341536604,Aviation
2020-03-01,Hebei,0.003884478456593992,Aviation
2020-03-01,InnerMongolia,0.001860423285278505,Aviation
2020-03-01,Jiangsu,0.011078495277795732,Aviation
2020-03-01,Jiangxi,0.002826021780363431,Aviation
2020-03-01,Shandong,0.00782725106928125,Aviation
2020-03-01,Shanghai,0.004168717850161591,Aviation
2020-03-01,Shanxi,0.0019355115594500102,Aviation
2020-03-01,Tianjin,0.0015066971732552038,Aviation
2020-03-01,Zhejiang,0.0069194614731089114,Aviation
2020-03-01,Chongqing,0.006113188445646929,Aviation
2020-03-01,Gansu,0.0023256982729219847,Aviation
2020-03-01,Guizhou,0.0045415098499776855,Aviation
2020-03-01,Ningxia,0.000995030644847103,Aviation
2020-03-01,Qinghai,0.0007997649747405418,Aviation
2020-03-01,Shaanxi,0.006614255611784391,Aviation
2020-03-01,Sichuan,0.01242437380673905,Aviation
2020-03-01,Tibet,0.0004706315398303148,Aviation
2020-03-01,Xinjiang,0.003648833542775968,Aviation
2020-03-01,Yunnan,0.006259365186079833,Aviation
2021-03-01,Heilongjiang,0.0032501928618607215,Aviation
2021-03-01,Jilin,0.003345551027582901,Aviation
2021-03-01,Liaoning,0.0070556554496560425,Aviation
2021-03-01,Guangdong,0.010743574668061853,Aviation
2021-03-01,Guangxi,0.0021857335204362466,Aviation
2021-03-01,Hainan,0.0005574199090415597,Aviation
2021-03-01,Henan,0.005242687703707249,Aviation
2021-03-01,Hubei,0.0038897338678919465,Aviation
2021-03-01,Hunan,0.004028153842464894,Aviation
2021-03-01,Anhui,0.008114984782409542,Aviation
2021-03-01,Beijing,0.007592738198943975,Aviation
2021-03-01,Fujian,0.009155183636729694,Aviation
2021-03-01,Hebei,0.0074518898779487195,Aviation
2021-03-01,InnerMongolia,0.0035959478840090157,Aviation
2021-03-01,Jiangsu,0.022037958935895156,Aviation
2021-03-01,Jiangxi,0.0055990650744670535,Aviation
2021-03-01,Shandong,0.015376025826990283,Aviation
2021-03-01,Shanghai,0.008055138146898892,Aviation
2021-03-01,Shanxi,0.003818738875323945,Aviation
2021-03-01,Tianjin,0.0028988748725944495,Aviation
2021-03-01,Zhejiang,0.01392085266040288,Aviation
2021-03-01,Chongqing,0.009641125190149355,Aviation
2021-03-01,Gansu,0.003549245634281163,Aviation
2021-03-01,Guizhou,0.006973589613034679,Aviation
2021-03-01,Ningxia,0.0015624983875542336,Aviation
2021-03-01,Qinghai,0.0011962580442894514,Aviation
2021-03-01,Shaanxi,0.01021610572905933,Aviation
2021-03-01,Sichuan,0.019071184028627182,Aviation
2021-03-01,Tibet,0.0007650145631763257,Aviation
2021-03-01,Xinjiang,0.0054717166669180145,Aviation
2021-03-01,Yunnan,0.00958226051959286,Aviation
2022-03-01,Heilongjiang,0.0017424496752240985,Aviation
2022-03-01,Jilin,0.0015080750003536188,Aviation
2022-03-01,Liaoning,0.003637952955752271,Aviation
2022-03-01,Guangdong,0.007021825467585596,Aviation
2022-03-01,Guangxi,0.001457344428979821,Aviation
2022-03-01,Hainan,0.00039273135757003066,Aviation
2022-03-01,Henan,0.0035058358616252483,Aviation
2022-03-01,Hubei,0.0026621634376969476,Aviation
2022-03-01,Hunan,0.0027246233791903573,Aviation
2022-03-01,Anhui,0.005097670186345336,Aviation
2022-03-01,Beijing,0.004637398507121699,Aviation
2022-03-01,Fujian,0.00584229744296882,Aviation
2022-03-01,Hebei,0.004709501004147462,Aviation
2022-03-01,InnerMongolia,0.0025018127964993244,Aviation
2022-03-01,Jiangsu,0.013724421622988902,Aviation
2022-03-01,Jiangxi,0.0036063662990369664,Aviation
2022-03-01,Shandong,0.009816693882946403,Aviation
2022-03-01,Shanghai,0.004931429494753744,Aviation
2022-03-01,Shanxi,0.0027159723859161134,Aviation
2022-03-01,Tianjin,0.0017432093999426661,Aviation
2022-03-01,Zhejiang,0.008811515316867075,Aviation
2022-03-01,Chongqing,0.007831625659510233,Aviation
2022-03-01,Gansu,0.0030346264152868066,Aviation
2022-03-01,Guizhou,0.005894516262443724,Aviation
2022-03-01,Ningxia,0.0013637776017552466,Aviation
2022-03-01,Qinghai,0.0010200576134478966,Aviation
2022-03-01,Shaanxi,0.008893399715983482,Aviation
2022-03-01,Sichuan,0.015593772876939546,Aviation
2022-03-01,Tibet,0.000632589219221355,Aviation
2022-03-01,Xinjiang,0.004866061501133331,Aviation
2022-03-01,Yunnan,0.007914483230765669,Aviation
2019-04-01,Heilongjiang,0.003789118198994038,Aviation
2019-04-01,Jilin,0.003623845183861193,Aviation
2019-04-01,Liaoning,0.007876661725127148,Aviation
2019-04-01,Guangdong,0.011481106057687917,Aviation
2019-04-01,Guangxi,0.0022579196936510803,Aviation
2019-04-01,Hainan,0.0005667720819747845,Aviation
2019-04-01,Henan,0.005711240386000823,Aviation
2019-04-01,Hubei,0.004829981176198957,Aviation
2019-04-01,Hunan,0.00424152135200044,Aviation
2019-04-01,Anhui,0.009902147402199718,Aviation
2019-04-01,Beijing,0.009525805852193042,Aviation
2019-04-01,Fujian,0.011375180602392551,Aviation
2019-04-01,Hebei,0.009400416478619378,Aviation
2019-04-01,InnerMongolia,0.004564554742509665,Aviation
2019-04-01,Jiangsu,0.02651381717168532,Aviation
2019-04-01,Jiangxi,0.0066292824177606275,Aviation
2019-04-01,Shandong,0.018957607250551078,Aviation
2019-04-01,Shanghai,0.01020907677108614,Aviation
2019-04-01,Shanxi,0.004558398002866678,Aviation
2019-04-01,Tianjin,0.003777376557567091,Aviation
2019-04-01,Zhejiang,0.016786532737298222,Aviation
2019-04-01,Chongqing,0.01073405949487028,Aviation
2019-04-01,Gansu,0.003964398879172211,Aviation
2019-04-01,Guizhou,0.007625387957597203,Aviation
2019-04-01,Ningxia,0.0017045196585321499,Aviation
2019-04-01,Qinghai,0.0013373643575602498,Aviation
2019-04-01,Shaanxi,0.011728712314702707,Aviation
2019-04-01,Sichuan,0.021082613748854385,Aviation
2019-04-01,Tibet,0.0007720375306481882,Aviation
2019-04-01,Xinjiang,0.006182902702244295,Aviation
2019-04-01,Yunnan,0.01056034151359203,Aviation
2020-04-01,Heilongjiang,0.001230777663598117,Aviation
2020-04-01,Jilin,0.0012759468278950893,Aviation
2020-04-01,Liaoning,0.0026111612103654554,Aviation
2020-04-01,Guangdong,0.004017893901544873,Aviation
2020-04-01,Guangxi,0.0008286225990114383,Aviation
2020-04-01,Hainan,0.00019497424409991915,Aviation
2020-04-01,Henan,0.0020545720817348556,Aviation
2020-04-01,Hubei,0.0014071682254099582,Aviation
2020-04-01,Hunan,0.0015383950565876008,Aviation
2020-04-01,Anhui,0.0032558662278768537,Aviation
2020-04-01,Beijing,0.003041668357549215,Aviation
2020-04-01,Fujian,0.0037266686668768387,Aviation
2020-04-01,Hebei,0.0030729337043719582,Aviation
2020-04-01,InnerMongolia,0.0014438994982615674,Aviation
2020-04-01,Jiangsu,0.008816041444625649,Aviation
2020-04-01,Jiangxi,0.002211828588149081,Aviation
2020-04-01,Shandong,0.0061980260976725755,Aviation
2020-04-01,Shanghai,0.003294401618465033,Aviation
2020-04-01,Shanxi,0.0014899166447581121,Aviation
2020-04-01,Tianjin,0.0011830606867305146,Aviation
2020-04-01,Zhejiang,0.0054899812996438485,Aviation
2020-04-01,Chongqing,0.004938137894897812,Aviation
2020-04-01,Gansu,0.0017967669921271404,Aviation
2020-04-01,Guizhou,0.00351901580787487,Aviation
2020-04-01,Ningxia,0.0007817021531294133,Aviation
2020-04-01,Qinghai,0.0006124938089662215,Aviation
2020-04-01,Shaanxi,0.005154631786030292,Aviation
2020-04-01,Sichuan,0.009714300079192379,Aviation
2020-04-01,Tibet,0.0003687496478539639,Aviation
2020-04-01,Xinjiang,0.0028212430750376182,Aviation
2020-04-01,Yunnan,0.004902054109661601,Aviation
2021-04-01,Heilongjiang,0.003501352475754531,Aviation
2021-04-01,Jilin,0.003555687197464529,Aviation
2021-04-01,Liaoning,0.0073886006281671775,Aviation
2021-04-01,Guangdong,0.010984282737802933,Aviation
2021-04-01,Guangxi,0.0022560523708772488,Aviation
2021-04-01,Hainan,0.0005577841398618976,Aviation
2021-04-01,Henan,0.005527347784620452,Aviation
2021-04-01,Hubei,0.004352198383548782,Aviation
2021-04-01,Hunan,0.004139879596448147,Aviation
2021-04-01,Anhui,0.008865581377852785,Aviation
2021-04-01,Beijing,0.008284571044911945,Aviation
2021-04-01,Fujian,0.00987264114782257,Aviation
2021-04-01,Hebei,0.008074010453002205,Aviation
2021-04-01,InnerMongolia,0.003922383316253652,Aviation
2021-04-01,Jiangsu,0.02378325673085473,Aviation
2021-04-01,Jiangxi,0.006022212924521786,Aviation
2021-04-01,Shandong,0.01676315257767203,Aviation
2021-04-01,Shanghai,0.008661355257144662,Aviation
2021-04-01,Shanxi,0.004156650580098993,Aviation
2021-04-01,Tianjin,0.003149257644635678,Aviation
2021-04-01,Zhejiang,0.014888953891365048,Aviation
2021-04-01,Chongqing,0.009899044919496456,Aviation
2021-04-01,Gansu,0.003642676697716593,Aviation
2021-04-01,Guizhou,0.006962389045540484,Aviation
2021-04-01,Ningxia,0.001577541520243628,Aviation
2021-04-01,Qinghai,0.0011947932111140542,Aviation
2021-04-01,Shaanxi,0.01038941205937078,Aviation
2021-04-01,Sichuan,0.019357406559056534,Aviation
2021-04-01,Tibet,0.0007104352836372444,Aviation
2021-04-01,Xinjiang,0.005622481059144803,Aviation
2021-04-01,Yunnan,0.009774207383997275,Aviation
2022-04-01,Heilongjiang,0.0005420371539744192,Aviation
2022-04-01,Jilin,0.0004828700054327432,Aviation
2022-04-01,Liaoning,0.0011164880405928309,Aviation
2022-04-01,Guangdong,0.0023838210165151264,Aviation
2022-04-01,Guangxi,0.0004924036339477436,Aviation
2022-04-01,Hainan,0.00012594819324142847,Aviation
2022-04-01,Henan,0.0012318822829004853,Aviation
2022-04-01,Hubei,0.0009813815826159543,Aviation
2022-04-01,Hunan,0.0009185231677023226,Aviation
2022-04-01,Anhui,0.0021095569072468448,Aviation
2022-04-01,Beijing,0.0018757888943967333,Aviation
2022-04-01,Fujian,0.0023849712562354648,Aviation
2022-04-01,Hebei,0.0019214918514025244,Aviation
2022-04-01,InnerMongolia,0.0010143760693717718,Aviation
2022-04-01,Jiangsu,0.005516141712066436,Aviation
2022-04-01,Jiangxi,0.001466831456879232,Aviation
2022-04-01,Shandong,0.004043617852103802,Aviation
2022-04-01,Shanghai,0.0018755078005168228,Aviation
2022-04-01,Shanxi,0.0011213646261669513,Aviation
2022-04-01,Tianjin,0.0007386550954246295,Aviation
2022-04-01,Zhejiang,0.003510984108957982,Aviation
2022-04-01,Chongqing,0.003892669478867975,Aviation
2022-04-01,Gansu,0.0015082666707583745,Aviation
2022-04-01,Guizhou,0.00283212401510843,Aviation
2022-04-01,Ningxia,0.0006777679693029221,Aviation
2022-04-01,Qinghai,0.0004864554814784353,Aviation
2022-04-01,Shaanxi,0.004394161254406868,Aviation
2022-04-01,Sichuan,0.0075413751279269714,Aviation
2022-04-01,Tibet,0.0002803889165309122,Aviation
2022-04-01,Xinjiang,0.002385169291463835,Aviation
2022-04-01,Yunnan,0.003878979086462922,Aviation
2019-05-01,Heilongjiang,0.003936514261507379,Aviation
2019-05-01,Jilin,0.0037648121538018295,Aviation
2019-05-01,Liaoning,0.008183062545334218,Aviation
2019-05-01,Guangdong,0.01186807430258371,Aviation
2019-05-01,Guangxi,0.0023340223980924143,Aviation
2019-05-01,Hainan,0.0005858750148033674,Aviation
2019-05-01,Henan,0.005903736532037976,Aviation
2019-05-01,Hubei,0.0049927746674568695,Aviation
2019-05-01,Hunan,0.004384480929677419,Aviation
2019-05-01,Anhui,0.010210483283058675,Aviation
2019-05-01,Beijing,0.00982242310287896,Aviation
2019-05-01,Fujian,0.011729384209802943,Aviation
2019-05-01,Hebei,0.009693129319344445,Aviation
2019-05-01,InnerMongolia,0.004706687145724341,Aviation
2019-05-01,Jiangsu,0.027339411948304065,Aviation
2019-05-01,Jiangxi,0.00683570689830198,Aviation
2019-05-01,Shandong,0.019547914614515206,Aviation
2019-05-01,Shanghai,0.010526969905889413,Aviation
2019-05-01,Shanxi,0.004700338695772084,Aviation
2019-05-01,Tianjin,0.0038949975826747065,Aviation
2019-05-01,Zhejiang,0.01730923656586097,Aviation
2019-05-01,Chongqing,0.011119918615507318,Aviation
2019-05-01,Gansu,0.004106907821488283,Aviation
2019-05-01,Guizhou,0.007899499116869328,Aviation
2019-05-01,Ningxia,0.0017657923258640317,Aviation
2019-05-01,Qinghai,0.0013854388288473038,Aviation
2019-05-01,Shaanxi,0.012150326394829495,Aviation
2019-05-01,Sichuan,0.021840474165572867,Aviation
2019-05-01,Tibet,0.0007997900992656002,Aviation
2019-05-01,Xinjiang,0.006405160590866246,Aviation
2019-05-01,Yunnan,0.01093995596346615,Aviation
2020-05-01,Heilongjiang,0.0013482123782775051,Aviation
2020-05-01,Jilin,0.0013976913607312426,Aviation
2020-05-01,Liaoning,0.0028603052928349902,Aviation
2020-05-01,Guangdong,0.006540244967868783,Aviation
2020-05-01,Guangxi,0.0013488148060263945,Aviation
2020-05-01,Hainan,0.00031737506018967036,Aviation
2020-05-01,Henan,0.0033443901327318156,Aviation
2020-05-01,Hubei,0.0022905594649086382,Aviation
2020-05-01,Hunan,0.002504167798849196,Aviation
2020-05-01,Anhui,0.005207526452540396,Aviation
2020-05-01,Beijing,0.004864932194134265,Aviation
2020-05-01,Fujian,0.005960541467107416,Aviation
2020-05-01,Hebei,0.004914938892576991,Aviation
2020-05-01,InnerMongolia,0.002309414547694776,Aviation
2020-05-01,Jiangsu,0.0141006312349381,Aviation
2020-05-01,Jiangxi,0.0035376625067248015,Aviation
2020-05-01,Shandong,0.009913301898221108,Aviation
2020-05-01,Shanghai,0.005269161068891857,Aviation
2020-05-01,Shanxi,0.002383015700469235,Aviation
2020-05-01,Tianjin,0.0018922214212489974,Aviation
2020-05-01,Zhejiang,0.008780834604648494,Aviation
2020-05-01,Chongqing,0.0075429148299816975,Aviation
2020-05-01,Gansu,0.0027445285407968257,Aviation
2020-05-01,Guizhou,0.0053752319374444435,Aviation
2020-05-01,Ningxia,0.001194035664650162,Aviation
2020-05-01,Qinghai,0.0009355730304122858,Aviation
2020-05-01,Shaanxi,0.007873605267709432,Aviation
2020-05-01,Sichuan,0.014838414740491749,Aviation
2020-05-01,Tibet,0.000563258306379416,Aviation
2020-05-01,Xinjiang,0.004309396918962461,Aviation
2020-05-01,Yunnan,0.0074877975115565975,Aviation
2021-05-01,Heilongjiang,0.0036223436125338315,Aviation
2021-05-01,Jilin,0.003678555900067845,Aviation
2021-05-01,Liaoning,0.007643917736456184,Aviation
2021-05-01,Guangdong,0.012001277059481426,Aviation
2021-05-01,Guangxi,0.0024649319586809233,Aviation
2021-05-01,Hainan,0.0006094273209873735,Aviation
2021-05-01,Henan,0.00603910457794801,Aviation
2021-05-01,Hubei,0.004755152417830396,Aviation
2021-05-01,Hunan,0.004523175815465767,Aviation
2021-05-01,Anhui,0.009627274295101938,Aviation
2021-05-01,Beijing,0.008996346033873266,Aviation
2021-05-01,Fujian,0.010720856342781445,Aviation
2021-05-01,Hebei,0.008767694974494556,Aviation
2021-05-01,InnerMongolia,0.004259377751631598,Aviation
2021-05-01,Jiangsu,0.025826612651794683,Aviation
2021-05-01,Jiangxi,0.00653961575861384,Aviation
2021-05-01,Shandong,0.01820337110875186,Aviation
2021-05-01,Shanghai,0.009405501937657526,Aviation
2021-05-01,Shanxi,0.00451377225902805,Aviation
2021-05-01,Tianjin,0.0034198284216976323,Aviation
2021-05-01,Zhejiang,0.01616814926964366,Aviation
2021-05-01,Chongqing,0.011474467013858732,Aviation
2021-05-01,Gansu,0.004222404681463657,Aviation
2021-05-01,Guizhou,0.008070445592519793,Aviation
2021-05-01,Ningxia,0.0018286055154044926,Aviation
2021-05-01,Qinghai,0.0013849432345042917,Aviation
2021-05-01,Shaanxi,0.012042875543866146,Aviation
2021-05-01,Sichuan,0.02243811648922645,Aviation
2021-05-01,Tibet,0.000823500276427837,Aviation
2021-05-01,Xinjiang,0.006517292726103169,Aviation
2021-05-01,Yunnan,0.011329761722103192,Aviation
2022-05-01,Heilongjiang,0.0010038570026479952,Aviation
2022-05-01,Jilin,0.0008942789858003209,Aviation
2022-05-01,Liaoning,0.002067744488922537,Aviation
2022-05-01,Guangdong,0.002612781173714164,Aviation
2022-05-01,Guangxi,0.00053969779431171,Aviation
2022-05-01,Hainan,0.0001380452080440139,Aviation
2022-05-01,Henan,0.0013502015523378917,Aviation
2022-05-01,Hubei,0.0010756408746816313,Aviation
2022-05-01,Hunan,0.0010067450633107083,Aviation
2022-05-01,Anhui,0.002097852246037605,Aviation
2022-05-01,Beijing,0.0018653812711496222,Aviation
2022-05-01,Fujian,0.0023717384866182496,Aviation
2022-05-01,Hebei,0.0019108306499626792,Aviation
2022-05-01,InnerMongolia,0.001008747907272914,Aviation
2022-05-01,Jiangsu,0.0054855359627263315,Aviation
2022-05-01,Jiangxi,0.0014586928922380776,Aviation
2022-05-01,Shandong,0.004021182251122425,Aviation
2022-05-01,Shanghai,0.0018651017368904194,Aviation
2022-05-01,Shanxi,0.0011151428489794214,Aviation
2022-05-01,Tianjin,0.0007345567430110366,Aviation
2022-05-01,Zhejiang,0.003491503771942564,Aviation
2022-05-01,Chongqing,0.003472098972223471,Aviation
2022-05-01,Gansu,0.0013453110226306687,Aviation
2022-05-01,Guizhou,0.0025261366102233363,Aviation
2022-05-01,Ningxia,0.0006045407868296662,Aviation
2022-05-01,Qinghai,0.00043389801945500596,Aviation
2022-05-01,Shaanxi,0.003919408739435832,Aviation
2022-05-01,Sichuan,0.006726592373941174,Aviation
2022-05-01,Tibet,0.000250095230071514,Aviation
2022-05-01,Xinjiang,0.0021274716208063284,Aviation
2022-05-01,Yunnan,0.003459887712660598,Aviation
2019-06-01,Heilongjiang,0.003986370189159409,Aviation
2019-06-01,Jilin,0.0038124934753706974,Aviation
2019-06-01,Liaoning,0.008286700979524948,Aviation
2019-06-01,Guangdong,0.011585048420493765,Aviation
2019-06-01,Guangxi,0.0022783614095279858,Aviation
2019-06-01,Hainan,0.000571903262636024,Aviation
2019-06-01,Henan,0.0057629461900662385,Aviation
2019-06-01,Hubei,0.004873708640542487,Aviation
2019-06-01,Hunan,0.00427992128916704,Aviation
2019-06-01,Anhui,0.00995626697622842,Aviation
2019-06-01,Beijing,0.009577868554762614,Aviation
2019-06-01,Fujian,0.01143735094824748,Aviation
2019-06-01,Hebei,0.009451793873324921,Aviation
2019-06-01,InnerMongolia,0.004589502034067883,Aviation
2019-06-01,Jiangsu,0.02665872679915541,Aviation
2019-06-01,Jiangxi,0.00666551435069323,Aviation
2019-06-01,Shandong,0.019061218880163402,Aviation
2019-06-01,Shanghai,0.010264873848592237,Aviation
2019-06-01,Shanxi,0.004583311645145289,Aviation
2019-06-01,Tianjin,0.0037980215754544453,Aviation
2019-06-01,Zhejiang,0.016878278493472242,Aviation
2019-06-01,Chongqing,0.010977958610188571,Aviation
2019-06-01,Gansu,0.004054477882354652,Aviation
2019-06-01,Guizhou,0.0077986518916852935,Aviation
2019-06-01,Ningxia,0.0017432497249117308,Aviation
2019-06-01,Qinghai,0.0013677519275027501,Aviation
2019-06-01,Shaanxi,0.011995211914294639,Aviation
2019-06-01,Sichuan,0.021561652536034592,Aviation
2019-06-01,Tibet,0.0007895797541478417,Aviation
2019-06-01,Xinjiang,0.00632339051115732,Aviation
2019-06-01,Yunnan,0.010800293411926013,Aviation
2020-06-01,Heilongjiang,0.0018032623503127145,Aviation
2020-06-01,Jilin,0.001869441527739214,Aviation
2020-06-01,Liaoning,0.0038257183571918617,Aviation
2020-06-01,Guangdong,0.007404757797491236,Aviation
2020-06-01,Guangxi,0.0015271059419583565,Aviation
2020-06-01,Hainan,0.0003593268238749907,Aviation
2020-06-01,Henan,0.003786463509373485,Aviation
2020-06-01,Hubei,0.0025933337576385255,Aviation
2020-06-01,Hunan,0.0028351776005108064,Aviation
2020-06-01,Anhui,0.005618374551086748,Aviation
2020-06-01,Beijing,0.005248751298988171,Aviation
2020-06-01,Fujian,0.00643079872847442,Aviation
2020-06-01,Hebei,0.005302703278776468,Aviation
2020-06-01,InnerMongolia,0.0024916159410670142,Aviation
2020-06-01,Jiangsu,0.015213101346031196,Aviation
2020-06-01,Jiangxi,0.003816766593364162,Aviation
2020-06-01,Shandong,0.01069541242081161,Aviation
2020-06-01,Shanghai,0.0056848718340350175,Aviation
2020-06-01,Shanxi,0.002571023861016613,Aviation
2020-06-01,Tianjin,0.002041508338950511,Aviation
2020-06-01,Zhejiang,0.009473599055073898,Aviation
2020-06-01,Chongqing,0.00792826350241128,Aviation
2020-06-01,Gansu,0.0028847396466464455,Aviation
2020-06-01,Guizhou,0.005649839106925159,Aviation
2020-06-01,Ningxia,0.0012550359634176439,Aviation
2020-06-01,Qinghai,0.0009833691189744128,Aviation
2020-06-01,Shaanxi,0.008275848088360994,Aviation
2020-06-01,Sichuan,0.015596472275289867,Aviation
2020-06-01,Tibet,0.0005920337659319411,Aviation
2020-06-01,Xinjiang,0.004529553240374662,Aviation
2020-06-01,Yunnan,0.007870330377900381,Aviation
2021-06-01,Heilongjiang,0.0031704940639247846,Aviation
2021-06-01,Jilin,0.0032196944554419077,Aviation
2021-06-01,Liaoning,0.006690418800885494,Aviation
2021-06-01,Guangdong,0.010188208495354756,Aviation
2021-06-01,Guangxi,0.0020925473678706694,Aviation
2021-06-01,Hainan,0.0005173593258627089,Aviation
2021-06-01,Henan,0.005126759115753998,Aviation
2021-06-01,Hubei,0.004036777421263842,Aviation
2021-06-01,Hunan,0.0038398462130914946,Aviation
2021-06-01,Anhui,0.006799007867764041,Aviation
2021-06-01,Beijing,0.006353431468816858,Aviation
2021-06-01,Fujian,0.007571321268037826,Aviation
2021-06-01,Hebei,0.006191952705042623,Aviation
2021-06-01,InnerMongolia,0.0030080728934726744,Aviation
2021-06-01,Jiangsu,0.018239362174045863,Aviation
2021-06-01,Jiangxi,0.0046184306826689775,Aviation
2021-06-01,Shandong,0.012855649438720185,Aviation
2021-06-01,Shanghai,0.006642387005316591,Aviation
2021-06-01,Shanxi,0.003187732286597516,Aviation
2021-06-01,Tianjin,0.0024151633819506995,Aviation
2021-06-01,Zhejiang,0.011418327838380824,Aviation
2021-06-01,Chongqing,0.010129253054778306,Aviation
2021-06-01,Gansu,0.0037273892954303727,Aviation
2021-06-01,Guizhou,0.007124303514291273,Aviation
2021-06-01,Ningxia,0.0016142281798818532,Aviation
2021-06-01,Qinghai,0.0012225788327992649,Aviation
2021-06-01,Shaanxi,0.010631023972066722,Aviation
2021-06-01,Sichuan,0.01980757447970878,Aviation
2021-06-01,Tibet,0.0007269568756912969,Aviation
2021-06-01,Xinjiang,0.005753235176416675,Aviation
2021-06-01,Yunnan,0.010001512348670806,Aviation
2019-07-01,Heilongjiang,0.004130140667348691,Aviation
2019-07-01,Jilin,0.00400459364154502,Aviation
2019-07-01,Liaoning,0.008487821968707215,Aviation
2019-07-01,Guangdong,0.012026513783931634,Aviation
2019-07-01,Guangxi,0.0023651816876410665,Aviation
2019-07-01,Hainan,0.0005936964628580512,Aviation
2019-07-01,Henan,0.005982550349270647,Aviation
2019-07-01,Hubei,0.0050594282818657845,Aviation
2019-07-01,Hunan,0.004443014039569256,Aviation
2019-07-01,Anhui,0.010023936295767049,Aviation
2019-07-01,Beijing,0.009642964940659814,Aviation
2019-07-01,Fujian,0.011515084590201853,Aviation
2019-07-01,Hebei,0.009516028691584069,Aviation
2019-07-01,InnerMongolia,0.004682725006531042,Aviation
2019-07-01,Jiangsu,0.026839909202526598,Aviation
2019-07-01,Jiangxi,0.006710815865687581,Aviation
2019-07-01,Shandong,0.019190766455693543,Aviation
2019-07-01,Shanghai,0.010334638357213117,Aviation
2019-07-01,Shanxi,0.004614459949531176,Aviation
2019-07-01,Tianjin,0.003823833965588306,Aviation
2019-07-01,Zhejiang,0.016992988601317722,Aviation
2019-07-01,Chongqing,0.011426124756855645,Aviation
2019-07-01,Gansu,0.004220004068180826,Aviation
2019-07-01,Guizhou,0.008117020149414685,Aviation
2019-07-01,Ningxia,0.0018144113408180057,Aviation
2019-07-01,Qinghai,0.0014235962130229084,Aviation
2019-07-01,Shaanxi,0.012484910395141522,Aviation
2019-07-01,Sichuan,0.022441882191560045,Aviation
2019-07-01,Tibet,0.0008218111587887191,Aviation
2019-07-01,Xinjiang,0.006581533711979129,Aviation
2019-07-01,Yunnan,0.01124121320919886,Aviation
2020-07-01,Heilongjiang,0.002255209193334348,Aviation
2020-07-01,Jilin,0.002302111030279754,Aviation
2020-07-01,Liaoning,0.004635941159401733,Aviation
2020-07-01,Guangdong,0.008092558514809726,Aviation
2020-07-01,Guangxi,0.0016430431550682222,Aviation
2020-07-01,Hainan,0.0003975445285693399,Aviation
2020-07-01,Henan,0.004046800649620148,Aviation
2020-07-01,Hubei,0.0029636676888010857,Aviation
2020-07-01,Hunan,0.003045787478938756,Aviation
2020-07-01,Anhui,0.005903095237977491,Aviation
2020-07-01,Beijing,0.005560649693024178,Aviation
2020-07-01,Fujian,0.006747748545929776,Aviation
2020-07-01,Hebei,0.005565189517662064,Aviation
2020-07-01,InnerMongolia,0.002655616777767786,Aviation
2020-07-01,Jiangsu,0.016017371854539855,Aviation
2020-07-01,Jiangxi,0.004000956593962583,Aviation
2020-07-01,Shandong,0.011264018762895813,Aviation
2020-07-01,Shanghai,0.005959927922825989,Aviation
2020-07-01,Shanxi,0.0027384827235551507,Aviation
2020-07-01,Tianjin,0.0021771658343983937,Aviation
2020-07-01,Zhejiang,0.009947830888707054,Aviation
2020-07-01,Chongqing,0.00788936588250628,Aviation
2020-07-01,Gansu,0.0028550324231923904,Aviation
2020-07-01,Guizhou,0.005638175203465907,Aviation
2020-07-01,Ningxia,0.0012544564081534437,Aviation
2020-07-01,Qinghai,0.0009666567159364924,Aviation
2020-07-01,Shaanxi,0.008257418528274822,Aviation
2020-07-01,Sichuan,0.015496843991256755,Aviation
2020-07-01,Tibet,0.0005820158699540501,Aviation
2020-07-01,Xinjiang,0.004369510544146742,Aviation
2020-07-01,Yunnan,0.007813506681043612,Aviation
2021-07-01,Heilongjiang,0.0031795498604834053,Aviation
2021-07-01,Jilin,0.003110717647674553,Aviation
2021-07-01,Liaoning,0.006433269287225946,Aviation
2021-07-01,Guangdong,0.0095301332749242,Aviation
2021-07-01,Guangxi,0.0019424192375670855,Aviation
2021-07-01,Hainan,0.0004909572319919123,Aviation
2021-07-01,Henan,0.004739263247976326,Aviation
2021-07-01,Hubei,0.0037395740284069338,Aviation
2021-07-01,Hunan,0.0035771001162839527,Aviation
2021-07-01,Anhui,0.00652211912825042,Aviation
2021-07-01,Beijing,0.006087954928166038,Aviation
2021-07-01,Fujian,0.007201808997493913,Aviation
2021-07-01,Hebei,0.005946309137753913,Aviation
2021-07-01,InnerMongolia,0.002965205364148127,Aviation
2021-07-01,Jiangsu,0.01737106639054781,Aviation
2021-07-01,Jiangxi,0.0044199139376388755,Aviation
2021-07-01,Shandong,0.012366859202585512,Aviation
2021-07-01,Shanghai,0.006315844454740707,Aviation
2021-07-01,Shanxi,0.003201218690387527,Aviation
2021-07-01,Tianjin,0.0023362199183493454,Aviation
2021-07-01,Zhejiang,0.010814523303111251,Aviation
2021-07-01,Chongqing,0.00917967596730981,Aviation
2021-07-01,Gansu,0.0034051192492378845,Aviation
2021-07-01,Guizhou,0.006434608195457719,Aviation
2021-07-01,Ningxia,0.001483007409735363,Aviation
2021-07-01,Qinghai,0.0011050631623455397,Aviation
2021-07-01,Shaanxi,0.009750781455251219,Aviation
2021-07-01,Sichuan,0.017942925083426157,Aviation
2021-07-01,Tibet,0.000662693346009841,Aviation
2021-07-01,Xinjiang,0.005243254768246164,Aviation
2021-07-01,Yunnan,0.009021343977272276,Aviation
2019-08-01,Heilongjiang,0.004233025140272981,Aviation
2019-08-01,Jilin,0.0041043506569279345,Aviation
2019-08-01,Liaoning,0.008699259098785939,Aviation
2019-08-01,Guangdong,0.012611948712641399,Aviation
2019-08-01,Guangxi,0.002480315632320843,Aviation
2019-08-01,Hainan,0.0006225968285544858,Aviation
2019-08-01,Henan,0.006273773059372012,Aviation
2019-08-01,Hubei,0.005305714619595981,Aviation
2019-08-01,Hunan,0.004659294139874564,Aviation
2019-08-01,Anhui,0.010249421043165065,Aviation
2019-08-01,Beijing,0.009859879878031328,Aviation
2019-08-01,Fujian,0.011774112168138963,Aviation
2019-08-01,Hebei,0.009730088244881521,Aviation
2019-08-01,InnerMongolia,0.004788061177280461,Aviation
2019-08-01,Jiangsu,0.0274436630541221,Aviation
2019-08-01,Jiangxi,0.0068617731917978795,Aviation
2019-08-01,Shandong,0.01962245566429949,Aviation
2019-08-01,Shanghai,0.01056711223281128,Aviation
2019-08-01,Shanxi,0.0047182605230182036,Aviation
2019-08-01,Tianjin,0.003909849699366125,Aviation
2019-08-01,Zhejiang,0.017375239608232368,Aviation
2019-08-01,Chongqing,0.011940815942657557,Aviation
2019-08-01,Gansu,0.004410094667063698,Aviation
2019-08-01,Guizhou,0.00848265231384327,Aviation
2019-08-01,Ningxia,0.0018961417213634903,Aviation
2019-08-01,Qinghai,0.0014877222783841728,Aviation
2019-08-01,Shaanxi,0.01304729470939037,Aviation
2019-08-01,Sichuan,0.023452779516995828,Aviation
2019-08-01,Tibet,0.000858829742851391,Aviation
2019-08-01,Xinjiang,0.006877999702216224,Aviation
2019-08-01,Yunnan,0.011747575031742698,Aviation
2020-08-01,Heilongjiang,0.002457826425701753,Aviation
2020-08-01,Jilin,0.0025089421158111655,Aviation
2020-08-01,Liaoning,0.005052453104241485,Aviation
2020-08-01,Guangdong,0.010104782147892129,Aviation
2020-08-01,Guangxi,0.0020515876544069684,Aviation
2020-08-01,Hainan,0.0004963944156756108,Aviation
2020-08-01,Henan,0.005053042110912849,Aviation
2020-08-01,Hubei,0.0037005869403696195,Aviation
2020-08-01,Hunan,0.003803125907230753,Aviation
2020-08-01,Anhui,0.00733822687293306,Aviation
2020-08-01,Beijing,0.006912527642413148,Aviation
2020-08-01,Fujian,0.008388228160876155,Aviation
2020-08-01,Hebei,0.006918171167007144,Aviation
2020-08-01,InnerMongolia,0.003301237336889749,Aviation
2020-08-01,Jiangsu,0.019911436939143257,Aviation
2020-08-01,Jiangxi,0.0049736495874855985,Aviation
2020-08-01,Shandong,0.014002471898356886,Aviation
2020-08-01,Shanghai,0.007408876442083327,Aviation
2020-08-01,Shanxi,0.003404249246017664,Aviation
2020-08-01,Tianjin,0.0027064677408606065,Aviation
2020-08-01,Zhejiang,0.01236629886728957,Aviation
2020-08-01,Chongqing,0.009352688941580617,Aviation
2020-08-01,Gansu,0.003384585094659456,Aviation
2020-08-01,Guizhou,0.006683946423764782,Aviation
2020-08-01,Ningxia,0.0014871335353133014,Aviation
2020-08-01,Qinghai,0.0011459526294110406,Aviation
2020-08-01,Shaanxi,0.009789008154209838,Aviation
2020-08-01,Sichuan,0.018371205440960447,Aviation
2020-08-01,Tibet,0.0006899684298853116,Aviation
2020-08-01,Xinjiang,0.005179969284600947,Aviation
2020-08-01,Yunnan,0.009262759342015444,Aviation
2021-08-01,Heilongjiang,0.0033240719009095527,Aviation
2021-08-01,Jilin,0.003252111015087649,Aviation
2021-08-01,Liaoning,0.006725684643108884,Aviation
2021-08-01,Guangdong,0.00832478556341176,Aviation
2021-08-01,Guangxi,0.0016967468513309218,Aviation
2021-08-01,Hainan,0.00042886217424608985,Aviation
2021-08-01,Henan,0.004139852941172527,Aviation
2021-08-01,Hubei,0.0032666019442670544,Aviation
2021-08-01,Hunan,0.0031246773311421577,Aviation
2021-08-01,Anhui,0.007525711361433547,Aviation
2021-08-01,Beijing,0.007024740068353336,Aviation
2021-08-01,Fujian,0.00830998862939402,Aviation
2021-08-01,Hebei,0.006861298506915676,Aviation
2021-08-01,InnerMongolia,0.0034214768634468896,Aviation
2021-08-01,Jiangsu,0.020044042300501618,Aviation
2021-08-01,Jiangxi,0.005100028975700463,Aviation
2021-08-01,Shandong,0.014269811847351682,Aviation
2021-08-01,Shanghai,0.0072876961360930585,Aviation
2021-08-01,Shanxi,0.003693806781960076,Aviation
2021-08-01,Tianjin,0.002695706171047104,Aviation
2021-08-01,Zhejiang,0.012478609987080148,Aviation
2021-08-01,Chongqing,0.01059878148540741,Aviation
2021-08-01,Gansu,0.003931523834060045,Aviation
2021-08-01,Guizhou,0.007429347882292876,Aviation
2021-08-01,Ningxia,0.001712268661007151,Aviation
2021-08-01,Qinghai,0.001275897213254916,Aviation
2021-08-01,Shaanxi,0.011258175378325167,Aviation
2021-08-01,Sichuan,0.020716759812165923,Aviation
2021-08-01,Tibet,0.0007651405116263851,Aviation
2021-08-01,Xinjiang,0.00605382060966663,Aviation
2021-08-01,Yunnan,0.010415972618238954,Aviation
2019-09-01,Heilongjiang,0.004187483872453062,Aviation
2019-09-01,Jilin,0.004060193741648648,Aviation
2019-09-01,Liaoning,0.008605667571373632,Aviation
2019-09-01,Guangdong,0.012221910048388358,Aviation
2019-09-01,Guangxi,0.002403609088534587,Aviation
2019-09-01,Hainan,0.0006033423230921939,Aviation
2019-09-01,Henan,0.00607974958848274,Aviation
2019-09-01,Hubei,0.00514162944209597,Aviation
2019-09-01,Hunan,0.004515200240978738,Aviation
2019-09-01,Anhui,0.010224810183279521,Aviation
2019-09-01,Beijing,0.009836204382494107,Aviation
2019-09-01,Fujian,0.011745840227350642,Aviation
2019-09-01,Hebei,0.009706724404381624,Aviation
2019-09-01,InnerMongolia,0.004776564108103452,Aviation
2019-09-01,Jiangsu,0.027377765464070215,Aviation
2019-09-01,Jiangxi,0.0068452967354323295,Aviation
2019-09-01,Shandong,0.019575338319336208,Aviation
2019-09-01,Shanghai,0.01054173853438856,Aviation
2019-09-01,Shanxi,0.004706931058832233,Aviation
2019-09-01,Tianjin,0.003900461387312263,Aviation
2019-09-01,Zhejiang,0.017333518267517084,Aviation
2019-09-01,Chongqing,0.011650458654852399,Aviation
2019-09-01,Gansu,0.004302857177377726,Aviation
2019-09-01,Guizhou,0.008276385009241204,Aviation
2019-09-01,Ningxia,0.0018500344394027572,Aviation
2019-09-01,Qinghai,0.0014515462743461278,Aviation
2019-09-01,Shaanxi,0.012730031875493092,Aviation
2019-09-01,Sichuan,0.022882493073862566,Aviation
2019-09-01,Tibet,0.0008379461218309907,Aviation
2019-09-01,Xinjiang,0.0067107517227941674,Aviation
2019-09-01,Yunnan,0.011461916661252394,Aviation
2020-09-01,Heilongjiang,0.0028151246673943984,Aviation
2020-09-01,Jilin,0.0028736711288585427,Aviation
2020-09-01,Liaoning,0.005786936463807695,Aviation
2020-09-01,Guangdong,0.009199681569777997,Aviation
2020-09-01,Guangxi,0.001867823853774913,Aviation
2020-09-01,Hainan,0.00045193161914770124,Aviation
2020-09-01,Henan,0.004600433507492703,Aviation
2020-09-01,Hubei,0.0033691197864944822,Aviation
2020-09-01,Hunan,0.0034624741834334742,Aviation
2020-09-01,Anhui,0.006992840746631275,Aviation
2020-09-01,Beijing,0.0065871777742899425,Aviation
2020-09-01,Fujian,0.007993421938448405,Aviation
2020-09-01,Hebei,0.0065925556768022,Aviation
2020-09-01,InnerMongolia,0.0031458589879323597,Aviation
2020-09-01,Jiangsu,0.01897427130055026,Aviation
2020-09-01,Jiangxi,0.00473955631204595,Aviation
2020-09-01,Shandong,0.013343421747500759,Aviation
2020-09-01,Shanghai,0.007060165073671138,Aviation
2020-09-01,Shanxi,0.0032440224663871945,Aviation
2020-09-01,Tianjin,0.0025790832343356865,Aviation
2020-09-01,Zhejiang,0.011784257982424428,Aviation
2020-09-01,Chongqing,0.008804592692737192,Aviation
2020-09-01,Gansu,0.003186238030423536,Aviation
2020-09-01,Guizhou,0.006292246669264355,Aviation
2020-09-01,Ningxia,0.001399982950350427,Aviation
2020-09-01,Qinghai,0.0010787962916502455,Aviation
2020-09-01,Shaanxi,0.009215342261680628,Aviation
2020-09-01,Sichuan,0.017294596473013693,Aviation
2020-09-01,Tibet,0.0006495341643385177,Aviation
2020-09-01,Xinjiang,0.004876407201894284,Aviation
2020-09-01,Yunnan,0.00871993324344533,Aviation
2021-09-01,Heilongjiang,0.0029747701964688506,Aviation
2021-09-01,Jilin,0.0029103711386759233,Aviation
2021-09-01,Liaoning,0.006018933050664159,Aviation
2021-09-01,Guangdong,0.008665237068952392,Aviation
2021-09-01,Guangxi,0.0017661372296964434,Aviation
2021-09-01,Hainan,0.0004464009771112527,Aviation
2021-09-01,Henan,0.004309156901713392,Aviation
2021-09-01,Hubei,0.0034001933192588144,Aviation
2021-09-01,Hunan,0.003252464538826098,Aviation
2021-09-01,Anhui,0.0063794746900484554,Aviation
2021-09-01,Beijing,0.005954806039982495,Aviation
2021-09-01,Fujian,0.0070442991485805875,Aviation
2021-09-01,Hebei,0.005816258166642979,Aviation
2021-09-01,InnerMongolia,0.002900353734638584,Aviation
2021-09-01,Jiangsu,0.016991146006156824,Aviation
2021-09-01,Jiangxi,0.00432324656187682,Aviation
2021-09-01,Shandong,0.012096385197344715,Aviation
2021-09-01,Shanghai,0.006177711423696377,Aviation
2021-09-01,Shanxi,0.0031312052434276216,Aviation
2021-09-01,Tianjin,0.002285124749552795,Aviation
2021-09-01,Zhejiang,0.010578000238956758,Aviation
2021-09-01,Chongqing,0.008445620545390213,Aviation
2021-09-01,Gansu,0.0031328279117127642,Aviation
2021-09-01,Guizhou,0.005920062905338046,Aviation
2021-09-01,Ningxia,0.0013644182968146213,Aviation
2021-09-01,Qinghai,0.0010166964695807739,Aviation
2021-09-01,Shaanxi,0.008971057419166558,Aviation
2021-09-01,Sichuan,0.01650811393219485,Aviation
2021-09-01,Tibet,0.0006097008825023194,Aviation
2021-09-01,Xinjiang,0.004823976396673665,Aviation
2021-09-01,Yunnan,0.008299949618353631,Aviation
2019-10-01,Heilongjiang,0.003990304574070097,Aviation
2019-10-01,Jilin,0.003454821168945208,Aviation
2019-10-01,Liaoning,0.007322571541785185,Aviation
2019-10-01,Guangdong,0.01095037393625863,Aviation
2019-10-01,Guangxi,0.0021535443768252085,Aviation
2019-10-01,Hainan,0.0005405718710595964,Aviation
2019-10-01,Henan,0.005447228696905679,Aviation
2019-10-01,Hubei,0.004606706993174141,Aviation
2019-10-01,Hunan,0.004045450605179346,Aviation
2019-10-01,Anhui,0.00935507469003988,Aviation
2019-10-01,Beijing,0.008999523104406354,Aviation
2019-10-01,Fujian,0.010746724151964007,Aviation
2019-10-01,Hebei,0.00888105838188865,Aviation
2019-10-01,InnerMongolia,0.004370263599549143,Aviation
2019-10-01,Jiangsu,0.02504897939427108,Aviation
2019-10-01,Jiangxi,0.006263028130467898,Aviation
2019-10-01,Shandong,0.017910237021444536,Aviation
2019-10-01,Shanghai,0.009645043872170637,Aviation
2019-10-01,Shanxi,0.0043065549790035984,Aviation
2019-10-01,Tianjin,0.003568683117061748,Aviation
2019-10-01,Zhejiang,0.01585910736262495,Aviation
2019-10-01,Chongqing,0.010277412154969875,Aviation
2019-10-01,Gansu,0.0037957483441833887,Aviation
2019-10-01,Guizhou,0.007300986951360717,Aviation
2019-10-01,Ningxia,0.001632002426299205,Aviation
2019-10-01,Qinghai,0.0012804745859430566,Aviation
2019-10-01,Shaanxi,0.011229756066978718,Aviation
2019-10-01,Sichuan,0.020185715941483145,Aviation
2019-10-01,Tibet,0.0007391919816617185,Aviation
2019-10-01,Xinjiang,0.005919870590387955,Aviation
2019-10-01,Yunnan,0.010111089387636229,Aviation
2020-10-01,Heilongjiang,0.003606876603930419,Aviation
2020-10-01,Jilin,0.0032424567786858466,Aviation
2020-10-01,Liaoning,0.006617040711986141,Aviation
2020-10-01,Guangdong,0.010916798017285576,Aviation
2020-10-01,Guangxi,0.0021726093423608036,Aviation
2020-10-01,Hainan,0.0005466902986104251,Aviation
2020-10-01,Henan,0.005329109774126077,Aviation
2020-10-01,Hubei,0.004223701723189997,Aviation
2020-10-01,Hunan,0.0040801187153885875,Aviation
2020-10-01,Anhui,0.008355376478841142,Aviation
2020-10-01,Beijing,0.007890369710058997,Aviation
2020-10-01,Fujian,0.00957307928525086,Aviation
2020-10-01,Hebei,0.007905865837922587,Aviation
2020-10-01,InnerMongolia,0.0037885365422154764,Aviation
2020-10-01,Jiangsu,0.022568649307823804,Aviation
2020-10-01,Jiangxi,0.005659730751845077,Aviation
2020-10-01,Shandong,0.01598087194440473,Aviation
2020-10-01,Shanghai,0.008553340115986763,Aviation
2020-10-01,Shanxi,0.003915319849855906,Aviation
2020-10-01,Tianjin,0.0030750758485893486,Aviation
2020-10-01,Zhejiang,0.014200735871024137,Aviation
2020-10-01,Chongqing,0.010396801696890074,Aviation
2020-10-01,Gansu,0.0037282155329592882,Aviation
2020-10-01,Guizhou,0.007415356910334295,Aviation
2020-10-01,Ningxia,0.0016426091651105272,Aviation
2020-10-01,Qinghai,0.001249625030012914,Aviation
2020-10-01,Shaanxi,0.010800655349759799,Aviation
2020-10-01,Sichuan,0.020137106109912713,Aviation
2020-10-01,Tibet,0.000789987251556341,Aviation
2020-10-01,Xinjiang,0.005729846779929846,Aviation
2020-10-01,Yunnan,0.01019514266415127,Aviation
2021-10-01,Heilongjiang,0.003266214371720086,Aviation
2021-10-01,Jilin,0.0029054031597948947,Aviation
2021-10-01,Liaoning,0.006055135966855502,Aviation
2021-10-01,Guangdong,0.011070351435961443,Aviation
2021-10-01,Guangxi,0.002202225148847955,Aviation
2021-10-01,Hainan,0.0005763683349657326,Aviation
2021-10-01,Henan,0.005241666427622979,Aviation
2021-10-01,Hubei,0.004451735074521408,Aviation
2021-10-01,Hunan,0.004100152348448937,Aviation
2021-10-01,Anhui,0.008171231858578046,Aviation
2021-10-01,Beijing,0.007659639450534231,Aviation
2021-10-01,Fujian,0.009284180206900198,Aviation
2021-10-01,Hebei,0.007682791716052938,Aviation
2021-10-01,InnerMongolia,0.0039019879541677157,Aviation
2021-10-01,Jiangsu,0.02213354301078249,Aviation
2021-10-01,Jiangxi,0.005633934147359606,Aviation
2021-10-01,Shandong,0.01580560581922689,Aviation
2021-10-01,Shanghai,0.008219862648301744,Aviation
2021-10-01,Shanxi,0.00429685657599551,Aviation
2021-10-01,Tianjin,0.0029853431229826836,Aviation
2021-10-01,Zhejiang,0.013983374920554284,Aviation
2021-10-01,Chongqing,0.009916830418143074,Aviation
2021-10-01,Gansu,0.0036416826327101224,Aviation
2021-10-01,Guizhou,0.006963327825767888,Aviation
2021-10-01,Ningxia,0.001607763290062622,Aviation
2021-10-01,Qinghai,0.0011897877101353625,Aviation
2021-10-01,Shaanxi,0.01059478931163286,Aviation
2021-10-01,Sichuan,0.019144933297998483,Aviation
2021-10-01,Tibet,0.0007395381924480043,Aviation
2021-10-01,Xinjiang,0.005682477696400601,Aviation
2021-10-01,Yunnan,0.009651165924525387,Aviation
2019-11-01,Heilongjiang,0.004098387001890272,Aviation
2019-11-01,Jilin,0.0035483993539415838,Aviation
2019-11-01,Liaoning,0.007520912619623245,Aviation
2019-11-01,Guangdong,0.011528605520002422,Aviation
2019-11-01,Guangxi,0.0022672617149656913,Aviation
2019-11-01,Hainan,0.0005691166249602125,Aviation
2019-11-01,Henan,0.005734868159700347,Aviation
2019-11-01,Hubei,0.0048499629309176435,Aviation
2019-11-01,Hunan,0.004259069548605962,Aviation
2019-11-01,Anhui,0.010346507699477111,Aviation
2019-11-01,Beijing,0.009953275433546053,Aviation
2019-11-01,Fujian,0.011885641522545485,Aviation
2019-11-01,Hebei,0.009822256045218695,Aviation
2019-11-01,InnerMongolia,0.0048334158175798595,Aviation
2019-11-01,Jiangsu,0.027703622552880388,Aviation
2019-11-01,Jiangxi,0.00692677193084512,Aviation
2019-11-01,Shandong,0.01980832985108384,Aviation
2019-11-01,Shanghai,0.01066720726361005,Aviation
2019-11-01,Shanxi,0.004762955478690266,Aviation
2019-11-01,Tianjin,0.003946885361266517,Aviation
2019-11-01,Zhejiang,0.01753982537509102,Aviation
2019-11-01,Chongqing,0.010535292995656212,Aviation
2019-11-01,Gansu,0.003890991267136365,Aviation
2019-11-01,Guizhou,0.007484183326524715,Aviation
2019-11-01,Ningxia,0.0016729526335449735,Aviation
2019-11-01,Qinghai,0.001312604256109191,Aviation
2019-11-01,Shaanxi,0.011511533122485304,Aviation
2019-11-01,Sichuan,0.020692215955139624,Aviation
2019-11-01,Tibet,0.0007577397879367831,Aviation
2019-11-01,Xinjiang,0.006068411991820935,Aviation
2019-11-01,Yunnan,0.01036479685720361,Aviation
2020-11-01,Heilongjiang,0.003643902069264379,Aviation
2020-11-01,Jilin,0.0032757413859067727,Aviation
2020-11-01,Liaoning,0.00668496624379616,Aviation
2020-11-01,Guangdong,0.010893831766964427,Aviation
2020-11-01,Guangxi,0.0021680387081942955,Aviation
2020-11-01,Hainan,0.0005455401970672464,Aviation
2020-11-01,Henan,0.005317898641624788,Aviation
2020-11-01,Hubei,0.004214816096570991,Aviation
2020-11-01,Hunan,0.004071535152002212,Aviation
2020-11-01,Anhui,0.008600323767797827,Aviation
2020-11-01,Beijing,0.008121684800915656,Aviation
2020-11-01,Fujian,0.009853724905927268,Aviation
2020-11-01,Hebei,0.00813763521525204,Aviation
2020-11-01,InnerMongolia,0.003899601765605339,Aviation
2020-11-01,Jiangsu,0.023230274726781817,Aviation
2020-11-01,Jiangxi,0.005825652144782886,Aviation
2020-11-01,Shandong,0.01644936923687964,Aviation
2020-11-01,Shanghai,0.0088040909323313,Aviation
2020-11-01,Shanxi,0.004030101868960509,Aviation
2020-11-01,Tianjin,0.003165225166738616,Aviation
2020-11-01,Zhejiang,0.014617046465957325,Aviation
2020-11-01,Chongqing,0.009717245175259293,Aviation
2020-11-01,Gansu,0.0034845316334937994,Aviation
2020-11-01,Guizhou,0.006930673803399119,Aviation
2020-11-01,Ningxia,0.0015352448233461639,Aviation
2020-11-01,Qinghai,0.0011679469463583708,Aviation
2020-11-01,Shaanxi,0.010094702115794505,Aviation
2020-11-01,Sichuan,0.01882090309068465,Aviation
2020-11-01,Tibet,0.000738352046379641,Aviation
2020-11-01,Xinjiang,0.005355332110826258,Aviation
2020-11-01,Yunnan,0.009528766995136396,Aviation
2021-11-01,Heilongjiang,0.0019453141173277314,Aviation
2021-11-01,Jilin,0.0017304197275640478,Aviation
2021-11-01,Liaoning,0.0036063589642647,Aviation
2021-11-01,Guangdong,0.007440532208959927,Aviation
2021-11-01,Guangxi,0.0014801451648731331,Aviation
2021-11-01,Hainan,0.00038738491594820135,Aviation
2021-11-01,Henan,0.0035229945597445756,Aviation
2021-11-01,Hubei,0.0029920710647120085,Aviation
2021-11-01,Hunan,0.002755767582154237,Aviation
2021-11-01,Anhui,0.006318506607800713,Aviation
2021-11-01,Beijing,0.0059229114188902405,Aviation
2021-11-01,Fujian,0.0071791077527348516,Aviation
2021-11-01,Hebei,0.005940814195998685,Aviation
2021-11-01,InnerMongolia,0.0030172606895354868,Aviation
2021-11-01,Jiangsu,0.017115037265875304,Aviation
2021-11-01,Jiangxi,0.004356509612517661,Aviation
2021-11-01,Shandong,0.012221881172572373,Aviation
2021-11-01,Shanghai,0.006356110970463518,Aviation
2021-11-01,Shanxi,0.003322597759810015,Aviation
2021-11-01,Tianjin,0.002308453679394309,Aviation
2021-11-01,Zhejiang,0.010812818478785952,Aviation
2021-11-01,Chongqing,0.006158874710557834,Aviation
2021-11-01,Gansu,0.002261676979919145,Aviation
2021-11-01,Guizhou,0.004324593830805461,Aviation
2021-11-01,Ningxia,0.000998505797740966,Aviation
2021-11-01,Qinghai,0.0007389209182682813,Aviation
2021-11-01,Shaanxi,0.006579922939463005,Aviation
2021-11-01,Sichuan,0.011890013295844808,Aviation
2021-11-01,Tibet,0.00045929222129549455,Aviation
2021-11-01,Xinjiang,0.003529118347495549,Aviation
2021-11-01,Yunnan,0.005993883048681515,Aviation
2019-12-01,Heilongjiang,0.004251786007519132,Aviation
2019-12-01,Jilin,0.003681212807677809,Aviation
2019-12-01,Liaoning,0.007802413736218503,Aviation
2019-12-01,Guangdong,0.01139778789925031,Aviation
2019-12-01,Guangxi,0.002241534597955781,Aviation
2019-12-01,Hainan,0.0005626587335284439,Aviation
2019-12-01,Henan,0.0056697933502034645,Aviation
2019-12-01,Hubei,0.00479492933554848,Aviation
2019-12-01,Hunan,0.004210740950320621,Aviation
2019-12-01,Anhui,0.010513619515129347,Aviation
2019-12-01,Beijing,0.010114035950785184,Aviation
2019-12-01,Fujian,0.012077612687378647,Aviation
2019-12-01,Hebei,0.0099809004003184,Aviation
2019-12-01,InnerMongolia,0.004911482824973928,Aviation
2019-12-01,Jiangsu,0.028151078138806213,Aviation
2019-12-01,Jiangxi,0.007038649819268375,Aviation
2019-12-01,Shandong,0.020128264466956227,Aviation
2019-12-01,Shanghai,0.010839498864364439,Aviation
2019-12-01,Shanxi,0.004839884444582298,Aviation
2019-12-01,Tianjin,0.004010633555154767,Aviation
2019-12-01,Zhejiang,0.017823120197826493,Aviation
2019-12-01,Chongqing,0.01040035059456359,Aviation
2019-12-01,Gansu,0.0038411530989492675,Aviation
2019-12-01,Guizhou,0.0073883213824178975,Aviation
2019-12-01,Ningxia,0.001651524444943315,Aviation
2019-12-01,Qinghai,0.001295791627350119,Aviation
2019-12-01,Shaanxi,0.011364086447727814,Aviation
2019-12-01,Sichuan,0.020427177545095855,Aviation
2019-12-01,Tibet,0.0007480341986921622,Aviation
2019-12-01,Xinjiang,0.005990684102778536,Aviation
2019-12-01,Yunnan,0.010232038273714267,Aviation
2020-12-01,Heilongjiang,0.003680833772315515,Aviation
2020-12-01,Jilin,0.003308941704092332,Aviation
2020-12-01,Liaoning,0.00675271976283424,Aviation
2020-12-01,Guangdong,0.010668049272200622,Aviation
2020-12-01,Guangxi,0.0021231045474001905,Aviation
2020-12-01,Hainan,0.0005342334843033196,Aviation
2020-12-01,Henan,0.005207681369328717,Aviation
2020-12-01,Hubei,0.00412746100300876,Aviation
2020-12-01,Hunan,0.0039871496590184255,Aviation
2020-12-01,Anhui,0.008492725851316853,Aviation
2020-12-01,Beijing,0.008020075095689704,Aviation
2020-12-01,Fujian,0.009730445794805403,Aviation
2020-12-01,Hebei,0.00803582595575397,Aviation
2020-12-01,InnerMongolia,0.0038508141808104943,Aviation
2020-12-01,Jiangsu,0.02293964274275803,Aviation
2020-12-01,Jiangxi,0.005752767908113968,Aviation
2020-12-01,Shandong,0.016243572582579097,Aviation
2020-12-01,Shanghai,0.008693943702249714,Aviation
2020-12-01,Shanxi,0.003979681608512905,Aviation
2020-12-01,Tianjin,0.0031256253048811676,Aviation
2020-12-01,Zhejiang,0.014434173845425148,Aviation
2020-12-01,Chongqing,0.00954949698813041,Aviation
2020-12-01,Gansu,0.0034243783849167196,Aviation
2020-12-01,Guizhou,0.006811030021119975,Aviation
2020-12-01,Ningxia,0.0015087419893360628,Aviation
2020-12-01,Qinghai,0.0011477847523022713,Aviation
2020-12-01,Shaanxi,0.009920437913441955,Aviation
2020-12-01,Sichuan,0.018495999034375668,Aviation
2020-12-01,Tibet,0.0007256059218341436,Aviation
2020-12-01,Xinjiang,0.005262883352267452,Aviation
2020-12-01,Yunnan,0.00936427249487643,Aviation
2021-12-01,Heilongjiang,0.0024558643110953395,Aviation
2021-12-01,Jilin,0.0021845706121629365,Aviation
2021-12-01,Liaoning,0.004552852515923168,Aviation
2021-12-01,Guangdong,0.008363253704537416,Aviation
2021-12-01,Guangxi,0.0016637021634651012,Aviation
2021-12-01,Hainan,0.0004354256177379891,Aviation
2021-12-01,Henan,0.003959891103941284,Aviation
2021-12-01,Hubei,0.0033631262809478194,Aviation
2021-12-01,Hunan,0.0030975181335203363,Aviation
2021-12-01,Anhui,0.005880877146752937,Aviation
2021-12-01,Beijing,0.0055126814875196585,Aviation
2021-12-01,Fujian,0.00668187173611749,Aviation
2021-12-01,Hebei,0.005529344290820431,Aviation
2021-12-01,InnerMongolia,0.0028082805853172185,Aviation
2021-12-01,Jiangsu,0.01592962352820023,Aviation
2021-12-01,Jiangxi,0.004054771073315717,Aviation
2021-12-01,Shandong,0.011375374932642283,Aviation
2021-12-01,Shanghai,0.005915876973567836,Aviation
2021-12-01,Shanxi,0.003092469541678679,Aviation
2021-12-01,Tianjin,0.0021485666360983743,Aviation
2021-12-01,Zhejiang,0.010063906082708603,Aviation
2021-12-01,Chongqing,0.007285329186950349,Aviation
2021-12-01,Gansu,0.002675336337823673,Aviation
2021-12-01,Guizhou,0.005115559438684993,Aviation
2021-12-01,Ningxia,0.00118113190696204,Aviation
2021-12-01,Qinghai,0.0008740691093260665,Aviation
2021-12-01,Shaanxi,0.007783386883415277,Aviation
2021-12-01,Sichuan,0.014064689568851466,Aviation
2021-12-01,Tibet,0.0005432964920373024,Aviation
2021-12-01,Xinjiang,0.004174591968421868,Aviation
2021-12-01,Yunnan,0.007090160649455909,Aviation
